-- phpMyAdmin SQL Dump
-- version 5.2.1
-- https://www.phpmyadmin.net/
--
-- Servidor: 127.0.0.1
-- Tiempo de generación: 27-11-2023 a las 03:58:02
-- Versión del servidor: 10.4.28-MariaDB
-- Versión de PHP: 8.2.4

SET SQL_MODE = "NO_AUTO_VALUE_ON_ZERO";
START TRANSACTION;
SET time_zone = "+00:00";


/*!40101 SET @OLD_CHARACTER_SET_CLIENT=@@CHARACTER_SET_CLIENT */;
/*!40101 SET @OLD_CHARACTER_SET_RESULTS=@@CHARACTER_SET_RESULTS */;
/*!40101 SET @OLD_COLLATION_CONNECTION=@@COLLATION_CONNECTION */;
/*!40101 SET NAMES utf8mb4 */;

--
-- Base de datos: `taxicontrolsystem`
--

-- --------------------------------------------------------

--
-- Estructura de tabla para la tabla `conductor_actual`
--

CREATE TABLE `conductor_actual` (
  `id_conductor_actual` int(11) NOT NULL,
  `id_conductor` int(11) NOT NULL,
  `id_taxi` int(11) NOT NULL,
  `fecha` date NOT NULL,
  `created_at` timestamp NOT NULL DEFAULT current_timestamp(),
  `updated_at` timestamp NOT NULL DEFAULT current_timestamp() ON UPDATE current_timestamp()
) ENGINE=InnoDB DEFAULT CHARSET=utf8mb4 COLLATE=utf8mb4_general_ci;

--
-- Volcado de datos para la tabla `conductor_actual`
--

INSERT INTO `conductor_actual` (`id_conductor_actual`, `id_conductor`, `id_taxi`, `fecha`, `created_at`, `updated_at`) VALUES
(6, 5, 2, '0000-00-00', '2023-11-21 03:33:40', '2023-11-21 03:33:40'),
(7, 6, 1, '0000-00-00', '2023-11-21 03:33:46', '2023-11-21 03:33:46'),
(8, 10, 3, '0000-00-00', '2023-11-21 03:33:49', '2023-11-21 03:33:49'),
(9, 8, 4, '0000-00-00', '2023-11-21 03:33:52', '2023-11-21 03:33:52'),
(10, 9, 5, '0000-00-00', '2023-11-21 03:33:55', '2023-11-21 03:33:55'),
(11, 11, 6, '0000-00-00', '2023-11-21 04:04:48', '2023-11-21 04:04:48');

-- --------------------------------------------------------

--
-- Estructura de tabla para la tabla `configuracion_app`
--

CREATE TABLE `configuracion_app` (
  `id_configuracion` int(11) NOT NULL,
  `plan` enum('Basico','Premium','Personalizado') NOT NULL DEFAULT 'Basico',
  `configuracion_plan_id` int(11) NOT NULL,
  `empresa` int(11) NOT NULL,
  `created_at` timestamp NOT NULL DEFAULT current_timestamp(),
  `updated_at` timestamp NOT NULL DEFAULT current_timestamp() ON UPDATE current_timestamp()
) ENGINE=InnoDB DEFAULT CHARSET=utf8mb4 COLLATE=utf8mb4_general_ci;

-- --------------------------------------------------------

--
-- Estructura de tabla para la tabla `configuracion_plan`
--

CREATE TABLE `configuracion_plan` (
  `id_configuracion_plan` int(11) NOT NULL,
  `cantidad_taxi` int(11) NOT NULL DEFAULT 100,
  `cantidad_conductor` int(11) NOT NULL DEFAULT 100,
  `cantidad_secretaria` int(11) NOT NULL DEFAULT 1,
  `precio` int(11) NOT NULL,
  `fecha_inicio` date NOT NULL DEFAULT current_timestamp(),
  `fecha_fin` date NOT NULL,
  `estado` tinyint(1) DEFAULT 1,
  `empresa_id` int(11) NOT NULL,
  `created_at` timestamp NOT NULL DEFAULT current_timestamp(),
  `updated_at` timestamp NOT NULL DEFAULT current_timestamp() ON UPDATE current_timestamp()
) ENGINE=InnoDB DEFAULT CHARSET=utf8mb4 COLLATE=utf8mb4_general_ci;

-- --------------------------------------------------------

--
-- Estructura de tabla para la tabla `empresas`
--

CREATE TABLE `empresas` (
  `id_empresa` int(11) NOT NULL,
  `nombre` varchar(45) NOT NULL,
  `direccion` varchar(45) NOT NULL,
  `telefono` varchar(45) NOT NULL,
  `correo` varchar(45) NOT NULL,
  `created_at` timestamp NOT NULL DEFAULT current_timestamp(),
  `updated_at` timestamp NOT NULL DEFAULT current_timestamp() ON UPDATE current_timestamp()
) ENGINE=InnoDB DEFAULT CHARSET=utf8mb4 COLLATE=utf8mb4_general_ci;

--
-- Volcado de datos para la tabla `empresas`
--

INSERT INTO `empresas` (`id_empresa`, `nombre`, `direccion`, `telefono`, `correo`, `created_at`, `updated_at`) VALUES
(1, 'Taxis Covichoralda', 'km9 via armenia el triangulo', '3046345709', 'midnight3424@gmail.com', '2023-11-11 22:56:11', '2023-11-21 03:45:12'),
(2, 'Owner2', 'km9 via armenia el triangulo', '3046345709', 'midnight3424@gmail.com', '2023-11-11 22:56:11', '2023-11-11 22:56:11'),
(3, 'Owner3', 'km9 via armenia el triangulo', '3046345709', 'midnight3424@gmail.com', '2023-11-11 22:56:11', '2023-11-11 22:56:11'),
(4, 'Owner4', 'km9 via armenia el triangulo', '3046345709', 'midnight3424@gmail.com', '2023-11-11 22:56:11', '2023-11-11 22:56:11');

-- --------------------------------------------------------

--
-- Estructura de tabla para la tabla `mantenimientos`
--

CREATE TABLE `mantenimientos` (
  `id_mantenimiento` int(11) NOT NULL,
  `id_taxi` int(11) NOT NULL,
  `fecha` date NOT NULL,
  `descripcion` varchar(155) NOT NULL,
  `costo` int(11) NOT NULL,
  `created_at` timestamp NOT NULL DEFAULT current_timestamp(),
  `updated_at` timestamp NOT NULL DEFAULT current_timestamp() ON UPDATE current_timestamp()
) ENGINE=InnoDB DEFAULT CHARSET=utf8mb4 COLLATE=utf8mb4_general_ci;

--
-- Volcado de datos para la tabla `mantenimientos`
--

INSERT INTO `mantenimientos` (`id_mantenimiento`, `id_taxi`, `fecha`, `descripcion`, `costo`, `created_at`, `updated_at`) VALUES
(1, 4, '2023-11-22', 'repuesto de aceite', 90000, '2023-11-23 01:47:07', '2023-11-23 01:47:07');

-- --------------------------------------------------------

--
-- Estructura de tabla para la tabla `pagos`
--

CREATE TABLE `pagos` (
  `id_pago` int(11) NOT NULL,
  `id_conductor` int(11) NOT NULL,
  `fecha` date NOT NULL,
  `valor` int(11) NOT NULL,
  `estado` tinyint(1) DEFAULT 1,
  `created_at` timestamp NOT NULL DEFAULT current_timestamp(),
  `updated_at` timestamp NOT NULL DEFAULT current_timestamp() ON UPDATE current_timestamp(),
  `cuota_diaria_registrada` tinyint(1) DEFAULT 0
) ENGINE=InnoDB DEFAULT CHARSET=utf8mb4 COLLATE=utf8mb4_general_ci;

--
-- Volcado de datos para la tabla `pagos`
--

INSERT INTO `pagos` (`id_pago`, `id_conductor`, `fecha`, `valor`, `estado`, `created_at`, `updated_at`, `cuota_diaria_registrada`) VALUES
(5, 5, '2023-11-20', 1564000, 1, '2023-11-21 03:35:51', '2023-11-21 03:41:06', 1),
(6, 6, '2023-11-20', 50000, 1, '2023-11-21 03:36:13', '2023-11-21 03:36:13', 1),
(7, 5, '2023-11-22', 15000, 0, '2023-11-23 01:32:35', '2023-11-23 01:32:35', 1),
(8, 8, '2023-11-26', 130000, 0, '2023-11-27 02:13:28', '2023-11-27 02:30:40', 1),
(9, 9, '2023-11-26', 100000, 1, '2023-11-27 02:15:18', '2023-11-27 02:15:18', 1);

-- --------------------------------------------------------

--
-- Estructura de tabla para la tabla `reportes`
--

CREATE TABLE `reportes` (
  `id_reporte` int(11) NOT NULL,
  `ingresos` int(11) NOT NULL,
  `gastos` int(11) NOT NULL,
  `empresa_id` int(11) NOT NULL,
  `fecha` date DEFAULT NULL,
  `created_at` timestamp NOT NULL DEFAULT current_timestamp(),
  `updated_at` timestamp NOT NULL DEFAULT current_timestamp() ON UPDATE current_timestamp()
) ENGINE=InnoDB DEFAULT CHARSET=utf8mb4 COLLATE=utf8mb4_general_ci;

--
-- Volcado de datos para la tabla `reportes`
--

INSERT INTO `reportes` (`id_reporte`, `ingresos`, `gastos`, `empresa_id`, `fecha`, `created_at`, `updated_at`) VALUES
(89, 230000, 0, 1, '2023-11-01', '2023-11-26 01:36:42', '2023-11-27 02:30:40'),
(90, 0, 0, 2, '2023-11-01', '2023-11-26 01:36:42', '2023-11-27 02:00:26'),
(91, 0, 0, 3, '2023-11-01', '2023-11-26 01:36:42', '2023-11-27 02:00:42'),
(92, 0, 0, 4, '2023-11-01', '2023-11-26 01:36:42', '2023-11-27 02:00:47');

-- --------------------------------------------------------

--
-- Estructura de tabla para la tabla `reporte_taxis`
--

CREATE TABLE `reporte_taxis` (
  `id_reporte_taxi` int(11) NOT NULL,
  `id_taxi` int(11) NOT NULL,
  `descripcion` text NOT NULL,
  `created_at` timestamp NOT NULL DEFAULT current_timestamp(),
  `updated_at` timestamp NOT NULL DEFAULT current_timestamp() ON UPDATE current_timestamp()
) ENGINE=InnoDB DEFAULT CHARSET=utf8mb4 COLLATE=utf8mb4_general_ci;

-- --------------------------------------------------------

--
-- Estructura de tabla para la tabla `taxis`
--

CREATE TABLE `taxis` (
  `id_taxi` int(11) NOT NULL,
  `empresa_id` int(11) NOT NULL,
  `placa` varchar(6) NOT NULL,
  `matricula` varchar(6) NOT NULL,
  `modelo` varchar(45) NOT NULL,
  `marca` varchar(45) NOT NULL,
  `tipo_combustible` enum('Gasolina','Ambos','Gas') NOT NULL,
  `cuota_diaria` int(11) NOT NULL,
  `fecha_adquisicion` date DEFAULT current_timestamp(),
  `created_at` timestamp NOT NULL DEFAULT current_timestamp(),
  `updated_at` timestamp NOT NULL DEFAULT current_timestamp() ON UPDATE current_timestamp()
) ENGINE=InnoDB DEFAULT CHARSET=utf8mb4 COLLATE=utf8mb4_general_ci;

--
-- Volcado de datos para la tabla `taxis`
--

INSERT INTO `taxis` (`id_taxi`, `empresa_id`, `placa`, `matricula`, `modelo`, `marca`, `tipo_combustible`, `cuota_diaria`, `fecha_adquisicion`, `created_at`, `updated_at`) VALUES
(1, 1, '123sad', 'L.123', 'kia', 'chevroletss', 'Gasolina', 20000, NULL, '2023-11-13 21:35:21', '2023-11-21 02:35:14'),
(2, 1, 'asd123', 'E.421', 'kia', 'picanto', 'Ambos', 156400, NULL, '2023-11-14 22:57:03', '2023-11-21 02:34:33'),
(3, 1, 'BLU063', 'PAC123', 'kia', 'PACO', 'Gasolina', 1000, NULL, '2023-11-21 02:28:10', '2023-11-21 02:28:10'),
(4, 1, 'BLU012', 'PAC122', 'CLIP', 'Picanto', 'Gasolina', 150000, NULL, '2023-11-21 03:24:00', '2023-11-21 03:24:59'),
(5, 1, 'RQW987', 'K.166', 'kia', 'picanto', 'Gasolina', 50000, NULL, '2023-11-21 03:29:10', '2023-11-21 03:29:10'),
(6, 1, 'BLA065', 'KIQ123', 'SPARK', 'KIO', 'Gas', 12334, '2023-11-20', '2023-11-21 03:46:19', '2023-11-21 03:46:19'),
(7, 1, 'POO122', 'PAC123', 'CLIO', 'Picanto', 'Gasolina', 120000, '2023-11-20', '2023-11-21 03:48:07', '2023-11-21 03:48:07'),
(8, 1, 'BLU058', 'PAC123', 'kia', 'Picanto', 'Gasolina', 1000, '2023-11-20', '2023-11-21 04:09:44', '2023-11-21 04:09:44');

-- --------------------------------------------------------

--
-- Estructura de tabla para la tabla `usuarios`
--

CREATE TABLE `usuarios` (
  `id_usuario` int(11) NOT NULL,
  `cedula` int(11) NOT NULL,
  `nombre` varchar(45) NOT NULL,
  `apellido` varchar(45) NOT NULL,
  `correo` varchar(45) DEFAULT NULL,
  `contrasena` varchar(250) DEFAULT NULL,
  `rol` enum('Administrador','Conductor','Secretaria') NOT NULL,
  `estado` enum('Activo','Inactivo') NOT NULL DEFAULT 'Activo',
  `foto` longblob DEFAULT NULL,
  `empresa_id` int(11) NOT NULL,
  `created_at` timestamp NOT NULL DEFAULT current_timestamp(),
  `updated_at` timestamp NOT NULL DEFAULT current_timestamp() ON UPDATE current_timestamp()
) ENGINE=InnoDB DEFAULT CHARSET=utf8mb4 COLLATE=utf8mb4_general_ci;

--
-- Volcado de datos para la tabla `usuarios`
--

INSERT INTO `usuarios` (`id_usuario`, `cedula`, `nombre`, `apellido`, `correo`, `contrasena`, `rol`, `estado`, `foto`, `empresa_id`, `created_at`, `updated_at`) VALUES
(1, 1234, 'Julian', 'Vasquez', 'julianvaskes12@hotmail.com', '$2y$10$.LoHrb62oXUyoTUp8HXj/eGZA7GG0kk5tFQi08kFA0/l5l20LMNai', 'Administrador', 'Activo', NULL, 1, '2023-11-11 22:56:25', '2023-11-15 04:17:26'),
(3, 12345, 'Kary', 'Marin de vasquez', 'kary@gmail.com', '$2y$10$.LoHrb62oXUyoTUp8HXj/eGZA7GG0kk5tFQi08kFA0/l5l20LMNai', 'Administrador', 'Activo', NULL, 1, '2023-11-13 19:57:26', '2023-11-20 19:21:02'),
(5, 187923, 'Mateo', 'herrera', 'manolo@gmail.com', '$2y$10$.LoHrb62oXUyoTUp8HXj/eGZA7GG0kk5tFQi08kFA0/l5l20LMNai', 'Conductor', 'Activo', NULL, 1, '2023-11-13 21:36:37', '2023-11-21 03:47:51'),
(6, 1004775788, 'Andres Felipe', 'Ramirez', 'midnight3424@gmail.com', NULL, 'Conductor', 'Activo', NULL, 1, '2023-11-14 22:34:34', '2023-11-21 03:48:55'),
(7, 100477574, 'Julian Andres', 'Vasquez Morales', 'midnight3424@gmail.coma', NULL, 'Secretaria', 'Activo', NULL, 2, '2023-11-14 22:34:34', '2023-11-15 04:11:42'),
(8, 1004775789, 'Julian', 'Vasquez ', 'julianvaskes11@hotmail.com', NULL, 'Conductor', 'Activo', NULL, 1, '2023-11-15 00:09:45', '2023-11-21 03:26:23'),
(9, 865464, 'pepe', 'ramirez', 'rama@gmail.com', NULL, 'Conductor', 'Activo', NULL, 1, '2023-11-20 23:08:35', '2023-11-20 23:08:35');
INSERT INTO `usuarios` (`id_usuario`, `cedula`, `nombre`, `apellido`, `correo`, `contrasena`, `rol`, `estado`, `foto`, `empresa_id`, `created_at`, `updated_at`) VALUES
(10, 100000, 'Camila', 'Herrera', 'camila@gmail.com', NULL, 'Conductor', 'Activo', 0xffd8ffe000104a46494600010100000100010000ffdb004300120c0d100d0b12100e10141312151b2c1d1b18181b362729202c403944433f393e3d47506657474b614d3d3e59795a61696d72737245557d867c6f856670726effdb0043011314141b171b341d1d346e493e496e6e6e6e6e6e6e6e6e6e6e6e6e6e6e6e6e6e6e6e6e6e6e6e6e6e6e6e6e6e6e6e6e6e6e6e6e6e6e6e6e6e6e6e6e6e6e6e6e6effc20011080438026003012200021101031101ffc4001800010101010100000000000000000000000001020304ffc400160101010100000000000000000000000000000102ffda000c03010002100310000002ec24000000000000000000000000000000000000000000000000000000000000000000000000000000000000000000000000000000000000000000000000000000000000000000000000000000000000000000000000000000000000000000000000000000000000000000000000000000000000000000000000000000000000000000000000000000000000000000020000000000000000000000000000000000000000000000000000000000000052288a2288a2288a2288a2288a2288a2288a2288a2288a2288a2288a2288b000000000000000000001652a0b02a5000000000000041650040000000000000012820000000000000000016500016509400000010b01600160a82c000000000000000800000000000000000016500a800000a828008000000000000000000000002000000000000000000016500000000000a8000042c42b393a390eb78c3bb868eac68a000000000080000000000000000000594000000000000008118358ce175908b90010b723af4f30f65f2754ee828042a00000000000000000014001654000000000000460b8e7935985d45041942a0a82a500583a7a3c94f5b3a40000000000000000500020a82a0b73a400000000000649c2e5666c2dd409492e48010a00160a05835e9f2d3d6ce9000000000000042a16a0a8000006b3a40000000000271df9c4916dcecdca31750ce774e6d8e6de48000059402a535e9f2f43b84000000000012c0140000000595280000000010e1c7585268bb9d556ea33350c35162c26770e59ed94c2e6c1494160582d83d1d3cbe9284000000000400500000001654a000000001cf7c4e12e56ef3d0dea26adc8d482c040808a338e9139378b160a002a52f5e3a3d4ce9000000004a22c014000000059404016002a0a81e7f4794e6175db9f496a16c000002288a24b098d939359b160b6002d83af7f2fa4a100000010000500000001650100000582c0793d7e43055e9bc6a5a85b01650000b0264d442c1263a64c0b2a50002fa3cfd0f425400020b0000014000000059404000000149e4f5f917303adcea55954002809ccde32b2b5a8c3a4336960338e994c8aa125946b34f5b1b4000000000050000000165010000000079bd3c0e13595e9be7d25a1442812c39b64cee435392b779d3a33a8054a39cde520b00b60efd7cfe801000000000500000001734a1000000006370f1cb175d39697a679c3771a36965a08b099a498e8ac6f520a58a22c26750c0b012c0dfabc9e9341000000014000080000594584a000000003c98edc966b3d0ce925d314d243bce995e4de4928940d532d458b092c48b0c4b2e4002fa3cfd8ec100000012c50000000005940459400000003979fd7e459ac8d6684d05b57d19b996012e8cee0b9161219b08b2c4a319de2c11281d796cf52540082a0a82c140000000016501160a42a0a00009e4f5f05e59d4355b5cda897557514c5095934c974cd2c412a24ab22c26379b3315005ce8f55c6d000000014000000001650100b0050000072eb93c92c5df5e5d66a812e4e92097365b94b29562c2c0022920263784c0b2a06b34efd7877010000005000000000582a540000160b280103cfcbd3e65bdb875976916dc85c8b1414582c42b14d0004b099d6531359b094583a7a7c9ea28000000000000000002134c0db9e8d4b836c6c00002793d9e65e5bc0eccd9ad40b9b0a834c975322e6e896914004b0cca4ce379acd9500d7a7cbdce80000016500000000012c284460d2e4de6e46f1a3400041c3bf15e206f9e97765964d64885b655a689a10004024b04a339dc4e7372c8835d78f43d000000160a0000000019d433266ced78663d3cf9eaba1a336a0002cb071edc578812c35be5b5dc258d0945a0a00420b20148093509d1ab3873f565386ae4f5252a0a82800a00008000072ebc090422b7d78f5284d5c6968800070efc1792c01604d6b117b5e5d20b16d95401110255004a24bb356cb99350cf1ef09bc6c0000165000000800073e9cecc4e9ad4e5ada32b2962352536c6d6a20071edc9794b010b9d452100edae3d65b71574cc2a5005940009db1d5242c8a235922c172349401650200000000637cecd5ceab2e9cc635121837be7b2dc97a25801cfa45f34d6402590b289bd50656588da550160b60a01d4a4b902c409a24d5337a53967bc393a431402000000006f1ba92cb271f47131334ebcfa2cc542cb625c69a6a68df4d664f11163592026b3b376c5c0962c4d5956820282a68d6e4b1594a5240d26c6e8654ccd9319e8395de1420000000018ad25b36e72394d73aed3112ef9d5dce76ba5c25d7a78fa618df14f36751a210533df8facc73df3952965526a50400594bd22ca4456892e4bbd6896e0b1a12922c0098e9cd608000000012f2ad4e64dceb0e78df0adc90d33d239bb978e994f5f7e3d95e7efe738e751604594bebf2fb0f2cd6668a228800051d0b01166c4426f3dc5649540000011cbaf258200000000797d5e4a9613ab92b5cf7b38b5e8978fa232da6a598e8b37a975279bd3e55e79a9652c4a35e9e3d8e78efc252c50008bd0c74ab24a4b9d434b06ae85848550001494426177ca428800000001e4f5f8ea5cdb00a6cd76e3d336e73d255b22cccaf4cb9d65e5f479972145495b3af46ccf9bd5c159b65e6d8c6ba6ac8b1128cd5226c468d50b9b0b141485042f3c496c0028400020a82a0be4f5796b22c037bc536cea6aeb153731b9733a623d0e7d3539f9fb7112c8a969d79753d36518dc386b459a44b2d333430d64509a947494033acd160a42d991c8941482a54a84a82a000001e5f5792a22cb66d66a25b4b36452808bd794873b096052c75e5d4f4d940313ae0cd0680028c67ae4aa102cb00082a072b996850022596c0400000001e5f579ab152ad52a6973bd54ae7a6a3784a972b10c022c165b1db8f63d09450a42148b050012c2c41652c02c240193025a14200965b010000000079bd3e6acd6eb1ad96364c6e61aeb86d39ea503266e492c2c058b2f4e5d4f4eb3a2c90aa04052cb0012c0059492e4dc0ccb92e7593225a142000b010000000073e9ca958b7a4cf4395e9ccdde7b3342c1223359d640212cb6076e3d8ed71d46901014540002000024b92dcd19d64039d965a142000b010000000071edcedd39eea6750b73a2560e99b492198973a67780412cb142f6e3e837bc8dc01400025008000b099b00101031495659451288b2c0400000001cfa4b79ef38ae98bb396f595b9da499d66cab131bc76ceb966c12c22cb2d48be9f37a2b7e5ebc4f5ef1d033e63d77c5ec0e5d0a524d64000b2c2635096524b05c88b25595688637cec6b3a284000000018de6a675ceb779eda66e4db59665b5263789676e7b978810259aa973a1e8f3f54c74e9ccefa60e1e8e5d4e1e9e1dce5cfd5e53d4112c22c580d4b099d64804b0840255ce4eae54e99531aa01000014001cbaf2a6e2b371b5d5924c6e5b19df249bcee55b997982026a2a6a51d3954f7f983d3cfa64c679693d1b45be5f4f98f480066c1650424b0cd80092c12e5659a8ba90b8d41ae7b28000200001cbaf2a9a96cc5d56d2c637184ceb3ba9aceb1ad637ccc8202c28b235e9f37aace39e9d8d65e533da754e815e5f4f9cf48128928942c5339d64c80092c203366e2d985675b4c6ac500000000079fd1e635d3875aebcb79addc566396ab52f397a59736f2ebc81022a944d48beaf2faab8fa79e93877e3e93cbe9f2fac039e79fa0d0008002c098d6480104b08a31759973a6acd2e25cea50000000001e6f4f99225adf5e5ab379856e4463365e966a59cbaf22e75914a59a12a2fabcdd6cefcf54968f37a1835c78f52fa0001000092c32b08b04b04b04b0b8de25bbc0de6d33ae7b0000000001e6f4f9932b2aef0376b52dcf3977ac6e56b361cbaf22e759281aceaad754e2cd3b6f9e8eb71ccf4334a010b00010b0101024a24b04b084359d59796a8cba68c3a608000000001e7f47039d8b1435db853ae334ed9d61573a89cfa7313592816537ace6c5d64df4e5d4df9fd1e73d16733a4f20f7334a42c010a810040412c110443773a96d96550637820b0000000071edc0ccd2ccac2835dbcfdd59b91bc6e33cfa732c0149a9b1b96cc35a33ac53b79fbf03d3c3b60d720edbe7b042a010a810040412c21040d6b1b96d965a0637820b0000000071edc44d539b79490ad5c8ed99a5cef1acd9cfa62c96516689d31d2ce7d33a33be5d0cef1b2635c8f4b8c32e90ebbe5a36c43a3964eef30ebcf5b31d10b0101104001bc6e5d596502e35802c00000001c3bf98d250095a4ccaada06b3a95cfa6096688533e8e3d2c5b939543b677c074be73d0c74257326f9f533730e9ae34ece43ab943aa010b204525084274f3f73765ce80677802c00020a82a0be6f479c9be7d2cd5999778b120ad6a68ceb3a96e75231a2b12d0e9136e7d2965396f6271efc4e9439eb97639eb4395e90973936c0e97953a4c68b000288092e4e7d78f4aee971ab60662ca82a0a80000071edc4c54b3adc59779ced3366ccdb166b3b28966758b31acf6262d4cef94af539f416535cbb8e2702f7e3d8280128cb50808b48a2100214ce778396f36cf45ceb3ab9b089400000000072ebc499de6c5961b695400ceb1a342598de6cce6eccd62cd4559d3184f538f635be6379d5393792590d322a522810a90b000451722f2df33368e9d38f596ac39e80000000001c7b7024ab1d2d94a0010965357365674386edb39b62659abacecccb53b6f8e4efa90e931a333a64c3508b08a228012c12d33689964c594cdce8d76e1d65d824d6400000000070efccc745140a2012c3360dd965026772c9cf790d64d59833ac75b18dd5d6b9758cef9f2b3d37cda3d0e23ab1a2a5100010b33cceb8e5a336685cc2dce89d3157bdcd866c00000000019d6450501002032437acea500098de6c9964692cd74c735d67a6137be02f4e5d45915cfd3c4cf4c92c9a55e3b4ac5358a259a3343520b9b92ae4d543beb9f4964d640000000004b05940200080ccd435652880205cf3ed9b39d4b1db9d5b9ba8e7b0ccd6292e933d3393a7374319de4ab579de909502e499d44b6e0d4d64b9d0c6d0df5e3d65d66c0000000000000000000000000000000000000000000000000000000000000020a82a0a82a0a82a0a82a0a82a0a82a0a82a0a82a0a82a0a82a0a82a0a82a0a82a0a82a0a82a0a82a0a82a0a82a0a80000000000000000000000000000000000000000000000000000000000000000000000000000000000000000000000000000000000000000000000000000000000000000000000000000000000000000000000000000000000000000000000000000000000000000000000000000000000003ffda000c03010002000300000021cf3cf3cf3cf3cf3cf3cf3cf3cf3cf3cf3cf3cf3cf3cf3cf3cf3cf3cf30c30c30c30c30c30c30c30c30c30c30c30c30c30c30c30c30c30c30c30c30c30c30c30c30c30c30c30c30c30c30c30c30c30c30c30c30c30c30c30c30c30c30c30c30c30c30c30c30c30c30c30c30c30c30c30c30c30c30c30c30c30c30c30c30c30c30c30c30c30c30c30c30c30c30c30c3fff00ff00ff00ff00ff00ff00ff00ff00ff00ff00ff00ff00ff00ff00ff00ff00ff00ff00ff00ff00ff00ff00ff00ff00ff00ff00ff00ff00ff00ff00fbcf3cf3cf3cf3cf3cf3cf3cf3cf3cf3cf3cf7ff00ff00ff00ff00ff00ff00ff00ff00ff00ff00f3df2c20830c30c30c7ac37fff00ff00ff00ff00fbcc34cfff00ff00ff00ff00ff00ff00c71c77ff00facb0c30c31dfbff00bcf7ff00ff00ff00ff00ee38c33fff00ff00ff00fcf1c71041057fcfff00ff008f0c2fff00febcf7ff00ff00ff00ff00b0c30c3fff00ff00ff00c30c1041041053ff00ff00ff00ff00ff00cfff00f5fb9ffbcf3f7cc30c30c3ff00ff00ff00eef0c1041041043fff00ff00ff00ff00ff00f6c3de6086cb6f8eec70c73fff00ff00ff00fec30c1041000001ff00ff00ff00ff00ff00e37ebd9aa9638e282c8cdfff00ff00ff00ff00ff00bc30c000030c3090c3df7fff00fef6b2c8adbe182ca60b6b37ff00ff00ff00ff0038c31cc30cf3cf290c30c35fff00efb8a36166dac258ee8e630dff00ff00b8c30c35fcf3cf3cf3f0c30c30f7afaa984cbb1ccb60b28a42bda038c30c30c37fcf3cf3cf3f0c30c30c37e6344b1c418f206c39e5b492430c30c30d3dfcf3cc30c34eff00bff3cfeeebcc730f28c2031b0650590400c30c30dfff000c30000010ff00ff00ff00bdf0faac052853cd34d0f9dd261f612c30cf7ffac00000000003ff00ff00ff00fb39a5e803c436e1f5c2a1ff0001e617ff00ff00ff00ff00ac00000000004fbdff00ff00fbf67c8110aa7ae9813f18efdf417237ff00ff00b8c000000000c0c30c3fff002cb70c7382617f0dd4f61fbcf5d1030f38c3080000f3cf3cbc30c35ffad387f2c7830480354801819551d030c30c353cf3cf3cf2cfcb0c30d32c4675fc991167d22e7a542c94584b0cf3cf73cf3cf3cf3cfef1c70c30fa4411f0261944f2c49991866367ff00ff00ff00ff003cf3cc30c20ef77fb0c30d776247507a354010031a0ef4fb7eef3fff00c30c300000042fff00ff00bd30df2b756d27964104d04d52b05ebae082082000000041050acb3d36ff00ff00bdadd9571945fea1d7d03f62ae8efbefbea010410410442d7def9c30c7e89622e87f8a800471818cff0038a082cb2901041041050d474794d7fd7fa9768dab314d3d34866dc24596d8e382501041f7df78efd7b3e370f35a1d19437d48d2d6390516210da2befbef3df7dfff00febd7b47f7d93fff000557c35b2e9068469041ec1cc71aa6b2c3ff00ff00ff00ff00efb30ce3cd62f35bd87d77722b33db6545287b7eb49658a03fff00ff00ff00fe8910db5f437cd1c5969fd48a750121430cdcbdcac926db93ff00ff00cf3ce482fb5bca074ebd02752537aa80502cf17ef7496697dcb833cf30c30c0cf3c75ef81f8290c71c66c30f287a87ff006eaea6fa63af3030c30c30d41c5d70fe2573e1a95de67d68032a1f4d369f896dbabeed430c30c30d4a713498a6637a6846d26833c7570f36dff86aa2e9279d5430c33cf3c856ded78d0d9cd5f74d4be9255dbffbde2c86b96b3100c74f3cff00ff00fec558ca5538d260a68752b68a3da68b6692492286980302f7ff00ff00ff00ff00e9f014290047c90b6a696864bac961be3be2a26e1544f8af7fff00ff00ff00ff00d320db0e3d0c9f8a979f865a27821b6a8ad83bf5550fae07ff00ff00cf3ce6390c714713e10ad14d7468821a25b68be9fb5e1f50fbe673cf30c30d2e5ca61e3729a1a5d55c3269ee8aa963b66c3edf8eae92d430c30c30c016493f7a94935b59c51927a699ad96c866ebe6f8bc0bdf830c30c30d61c0b714f3da57a8a19c8629e4835f2d860f70c54bd075d830c3082080b5099e7abcb5ca880d0a62e66bec962baaefac1026352a82082fbefa91747cbc3f0c3b80db1c9edf28be69ac8a0f3ac7b630771befbefbefaecd80f9215c46b10c8438a6963be8ae0924eb1d5c62b55dbefbefbefab4f51ab3d1d5281078118228e5a21ba0ae8f75d557a492abefbecb2caf58796db85542a84c6f2ba7aa19eda679a2db5579713a2472cb208208276b9b3a5df76f9e6ded9219eb866b6f9a9e7c473c91a5a820820000166714ceaa994eea69433921ba9a62b63bb9e34e32cb4918800000000025a375f2ae46f2adbc3fc22960b6eaadaf6db6db27e0a1180000000002d8ead99f975109537e1f6fd7ab6bfe1e7dcb623957ebfd8000030c31ea524fd6553cd9ab14945346fee73f63df4454f9cbc7aa34c30cf3cf3a67aff7a91b85ea334de70796cc106527f2cdfe1ea546d4bcf3cf3cf3e96b2a430dd99f91a05e54fb194da7d5e7f5bec9507b41cbcf3cf3cf2ed5257db513badb2c20441170df71fdec355baf13498ad87cf3c000032005c7d0454beb7ac8ae500a5c47ccb7fb0dbc7544970d740000041045161169a4dabefbd68df05079100548769a75971f42069c41041041045a41f69a79e7faca87d502a98c6937930843c16594da7724104104104104104104104104104104104104104104104104104104104104134d34d34d34d34d34d34d34d34d34d34d34d34d34d34d34d34d34d34df7df7df7df7df7df7df7df7df7df7df7df7df7df7df7df7df7df7df7df7df7df7df7df7df7df7df7df7df7df7df7df7df7df7df7df7df7df7df7df7df7df7df7df7df7df7df7df7df7df7df7df7df7df7df7df7df7d041041041041041041041041041041041041041041041041041041041ffda000c0301000200030000001030c30c30c30c30c30c30c30c30c30c30c30c30c30c30c30c30c30c30cf3cf3cf3cf3cf3cf3cf3cf3cf3cf3cf3cf3cf3cf3cf3cf3cf3cf3cf3cc30c30c30c30c30c30c30c30c30c30c30c30c30c30c30c30c30c30c30000000000000000000000000000000000000000000000000000000000041041041041041041041041041041041041041041041041041041041f7df7df7df7df7df7df7df7df7df7df7df7df7df7df7df7df7df7df7df7df79d71f75f7df7df7df7dd7de71c71c71c71c75f7df7df71d7df7d04104131c201070f3c800004a00738f3cc0000433c40cf2c4000010413cf3c9f3ca0800042011cb3890c70cf3800011c72833cf3800034f3cff00ff00fe9f0cf3cf4c001f3cf38538c38800004f3cc20f3cf2c03cf7ff00ff00ff00ff00edd3ce3cf3cf0cf10b15d59941c08338820000f3cf79151f7fff00fcf3cf5000530338f2882ce7c924004c3474400433cf2df4117de73cf308208300000002401864d830d1ef80210307e74f34f7904147d84208238e38bf3c208020000c1ca08a2ef923a93655d9831c4104d77914e38efbefabb3cf3ca0003972920eed711dab39695c320104577904157efbecb2c95014c34f0804c6b043cda6b1317984b9465bc77df6d041672cb2082091000000030b569deb8a2cfaf3950b02cb6d3df7df7985184208238e38ad3cb3c30ca629ba4ffcd7ed35f97ee3571a387104105da4e38efbefae93cf3cb1cc51f4e6ebadfdeec915b7f49de804104d77dd7efbecb2cb6c00400f3810f26a5d78f00765603bef11bfef7dd7de71572cb2082082b0420043c1439825e7977348e65be3eb16a609d84104524208204104e438d3c03086c745a579864ff9cbc86f0809abbdf4d77da01041f7df6ab8043ca001282c2dade6336f4bca15dcfaaeaf9c71c71dbdf7df7df7a528000d2cc7b3f325c06402ac077f12c47bae8904d34d7bdf7d0410428a410c034f790d425a720f7874deb5ca94987b5e7df7da8104134d35e11871800000509817463a84050cb313d3784ba814d04138d34df7df6af800b2b1209c66697beb1241571f712e2cd9b5cc30c30dbdf7df3cf2fe51f70030e2483771a9e30ac475a41cf9331141c30c38efcf3c00001324966e032ca4d03e8014ea24b0cb48dc36083bdc3030c3c0000000007b02c903bef9651f1f1330194209e0bf38dae6e1404300dc0000f3cf3f0b0035c4afabd2b23b9515f2fb38f4f50ca7b21600c308fcf3cfbefbd216d2664c5bfcff00bdc1d08ce1a7a1df68abf124c4cb0c3fefbecb2cb31ba5ce9d84c7d232ef9c5ecf7da804b200d5d60648e007f2cb2082086559fa0043b33c759c6736bb75ecdd33ea8743350380514c208238e38f66efb74fafd305c549f8e7282eefea79d65861cf0dc6578e38efff00feb8e2745bfa76cf1836b6a81c37f7016d4db1d218600d114fff00ff000c30f7ad8c7edfc36d9fa066ecf1972e079071451d810218e489030c30c30d7b15cef366e85aa4e659b23aa219434e28704728d38681f830c33cf3dba5564e1b8ebb6430330588b7734f2432a575f146d6e3c68f3cff00ff00febf71cc08f655debec43d5dc74a69117d8f14db7db54c0aabff00ff00ff00ff00ea1484222224c2a72809f6510d07d60876d769a26fd00a2abfff00f0c30c2aa933c7b5c8255e31907df6d754e54fe154441fbc459b5430c33cf3c803acb155253e14d52d58093d91cf5e7f971584bec45ee94f3cff007df7831f135405b4d555e4dbc5074f2863ec6133d35df3e7de87df7d04106d2fe153d1bca4b751f965d9aeca89181506291c55685d1901041041055608977d6949af6873161059e1811647540019679e679ba4104100001111d0aceedb4a3fc40ee1cce46b241996d825e5753e1b8280000f3cf289e032525cc2c4cc49548c0cc18481195920d850b4f8bbebcf3cf3cf3e3142ac7d5bcd1104dcf028a8990269759314122c62361d3cf3c00000361ab3fd99ff00f2001e971c61a41817da59b0011e4fd9b1b8000030c3130640385051971c8cc8dc5d55b55a4566d628fa829a8a174c30cf7df6eab41e33d5da7af6033b4da4ad3574535583c5881137725fdf7dff00ff00f8b72f3080948ba7e698e5dd6d37d965b504048244009432ff00ff00f0c30f4e032357ae7dc671234c05553d519c3dfcc1493c1b3c56b830c30c30d492cadb7c5ccad59a89029c048677a5f20b189e8a91b64a830c33cf3c8444cc2da91f1c879d21a0b90124539a18f8a80e97aff138f3cfff00ff00e8510e71f3c41d98f6ef48fa55f027b23b0032226757b418bfff00f0c30d1c77909e4d73989990bbb737a9aeb82c305b4a2e6f8db1d030c30c30c5d75f1cd61c1a20ae20adf493e2c932d0c59c90e4865b5f830c3fff00fd9bfc439c619be8678a28e49aa78892060491c382182c056bff00ff00fbefaef21175a54ebe09d4b793176523c068ad78dfdcd291afbabefbe0820b4a61a413637772c669593e6c05d115f0041245e1673a8cb0208208208208208208208208208208208208208208208208208208208208230c30c30c30c30c30c30c30c30c30c30c30c30c30c30c30c30c30c30cf3cf3cf3cf3cf3cf3cf3cf3cf3cf3cf3cf3cf3cf3cf3cf3cf3cf3cf3cc30c30c30c30c30c30c30c30c30c30c30c30c30c30c30c30c30c30c30000000000000000000000000000000000000000000000000000000000f3cf3cf3cf3cf3cf3cf3cf3cf3cf3cf3cf3cf3cf3cf3cf3cf3cf3cf3cffc40026110100010403000203000203000000000001000210112021303112400341511350617080ffda0008010201013f00ff00dd4ffb9cccccccefe7d82cbb1541d87ec54f40c1cf6bb9d35748ccea6eee74bbe262c3d8ee74ba8408b3371eb773a5d7332b3e33e244b8e86cee74a733e31c684cc5cf73b9d2ce5987ace9773a7d21c133174cec74bb9d0c22ccf510e9773aaaf7ac874bb9d551d18b9d4ee75a69898dce8773a5b2461d43077772d885331ab74ec2ceaee5cb268e9889d2743bd1ece271a377669e8a4e877a3d8a8c1cc2edd86abb867a5de9b108e98fef4ba040e9772e333333822e58d59d96edf1031d4ef4eab89fe4a7fb172712938e63abb063adde9d2aa8a6555fca3295f0b3e684740cc0c762e77a6e199f96973927c5232939b3a12a2e53d8d5fc9986f4fb7cf13d882468494c1e23b7c481d6b173737a7dd580cae0e3e9d4e86f4fb66d89ec78957bf4dd4de8f6cf30a6302d57b73e83e6b4eff8fd954089898cc7887fcc7db973e953bd0e19ece633c8198e85cee7437a7d8711611733189579b10eeabdbd3d1f8fd8cc663033095dcb9df54c2cf8b30933bd3ece67303331898fecfca999fad4d4ea633961137a7d9e5bc9cb1e254e5879a9dec789859c133bd33d818e66614fee54e630d4ef6cb3de8a6c3033e4aaae23e4610d0ef61ec6044de9bd2f11e595461a87d0ce19927c83c82bb97cd98c3a71d8fb1b53b933a3e4617353b6af6f4ee5b3625471185cebe37aaf4ee6845c9185ceac4c6f5982e6e46c4266373c99fa24acc91b631b9ae6362e7d03d8c7d84772eb76c7d4ccaa11f372cbbe789998b7ea1cf7d474917a060db98d9e1839ea6efd32171988cfd418eaecfd319c46f999b704ccccce9c586d543fee8fffc400251101000104020203000301010000000000010002101120303112210340411351617080ffda0008010301013f00ff00cfef3626263eb3f4f1f4dfa98fa4fd54cfd90b131313131126364fa0f104c4c4c4c4c469898d9380dddcb524374cc4c729cc5a9385f7131ad4733b9086f999b2675773777210d5711614cf198b26aec6eee58d19e33011ae79306d889a3b1bbb9619e505d1f73c614e26262cc6eec6ef0d24c04c9b068c6eec6ef010f4c7db310217c40bb18f09bbc14c606604c43818e8ea6ef016a3ab3098dd8e8ea6ef09d4a1fcb243818c6eea6ef0962a99b04f19e244d1988ddd4dde12c38858b2e22e7648ee6edd762e33306793a66d8b32aee636376ebeec3a1a660e61775780debea6780da9abfb9999daa7f380debea064891b972f9b86eb8db3737ababa7ad0a47d92b4fc99cba10b9a2e22e74cdf3330ddbb313103300299523f90ef5a4fdb634cc5ce8b31a9bd5b61b329ef461d6cb9d17737740cc0c59b53de8ca1c9a2e22e745dc1678e37ab4a475a4d1650fb99998d5c7dc28fee6255d6f5589e3966706261fc63ea1130c346de4cce781b86614e2f575bd5d5831ee633ee351d33e3a73ee995d54ae2a9487e44cee6b9d1bd260d2add98cca727a655ea15fbc6234f89dca2aa6af49301d5de06e588d8ef5ab7aba9871994863dc3e5697d128cfc86595d5e3563b95263241c976c466384b9deb575bfc9d4f8696a3dcf92a28651f27f27ac4a8f032c3c5a732acae6985dbb33c27055d6fe3e5ea5478107e34ff614f8f50a7f90f72a4a7d330763a37788d085eaeb7a5c3ea5543f21ed9451e0e65553518252f8988d655eaa94867d46ce8f11a17abae0a9c13e2f2abd2fa95e2827c78f1f73e4af0fa9534ae42198f7abc06e4f209e64c8c4dcf1fd8a47a95d5e266355350659e5fd4f8cf51ef578cd49e88ccef4e33ee56f9d58fc9e74d24f2fe41185349fec3db293047bd5eb8cd48a130b318dd8559ee79153e33f89cfb95541e8949e308eaf5ce47d40cce8e066627bf53c90f729a7f6672c231d1e7255d41c4599ddbd5ed86293129c24231be62fd0c6678b0a563481bb73bcc5cb184747e890b55d71d38b11bbf4a9ea16abae1c5c7366ee8f3530b55d6eea1a31fa543eef56ec352eeaf352fbb662e777409894ddb3a9c6c211ea1bb7c5cb3f5020d8ef76c1a166626344e7a78581c09135ee6394fa691d336fd890e06e751fa49abae2635c4c5a98ff00da3fffc40036100002010205030304020201030403000000010210110312202131303241224051041350613371425223348190144344606291e1ffda0008010100013f02ff00cf7d8b162dff0081fbe9bfff0045b9733a3ee9f74fba7dd3ee1f710a68bfff0041b8e4363d77149af22c562c513bfe72e3919b43e929344717e44ff30da2531ccbfb184dc48cb32dbf2d290e437a9f593caf6213ccbf2927643771d17b44ecf6213ccbf24d9395dd1d171a1fb14ecf6213ccbf20cc49171d11e343f651965645dd7e3f11927542a58b162c58b162c5bad852b3b7e3f15e842458ca58b162c5aad0d75b0e775f8d9704def544509752c35d48bb313bfe3311ec3a210975daea614bc7e3319ed54457b16ba485b10775f8bc67bd50bd94974f09fe2e7dce888fb492d2b4a7662dd7e25f04fb9d111f6ad74b09dd5bf12f825dce885d6cc8ce662e5fa88c27697e25f04bbaaba8e6377ad8ca652d56ba2b9fc4be0c4ef1d23d272b0e57aa8fcf45ae8e1bbc7f138cbd558f45d2c651533a3ee19d17d4d6b460bfc4e32f4d63c0ba0cb55b1d11612d4f5a309fabf1388af0758d2e391984fa095d988be0fd0a25ba12d6b9fc4cab01c8bd2c25d0fea89749f421bc7f133da7454ca59698ab8d56daac5b5bd48c1edfc4e3af569cc663323faa619218d6951e93d48c17f89c75e9ac5ec37b095c96ccf1fb22230c9735b1945862490fa4f5e13f57e266af1755c8c5b0ecc51f9a79204b9d57e9b1ea8772fc54f6951f34b16aa224b45cbf518f4a111edfc4e3ab4a8c852c5851a224a88b75e5af0bb7f138caf1ae169747443a2eacb5e071f8992bc474c3d3e697a5cbd17565af07bbf158cad2a41da5a6fe92f47ec5ebc3ef5f8ac5578d53bad2d17e8e613ebae7dddf55fa52567483f1d3b972f45d27ae0ef15ef3334666274627d1c5e6a9ebb97d2974debc17e9f7b2e08d1d174316ab6d2deb4bad6d382f7f73745ce4fe87c11a3a2e863684f435a92ebae4946cf461bb497b96c72b10ed2d4b52dd2c6d317a2c58b16f6315ea1a1c3e2b1e45ee251bb2c972ccdf05d884e57337cf4f17545d6ded30d79a587144f0edbaa47b7dbcb11dec666fce88d7813e8e26b4ed44fda2565a651b184fd3ede5deeb7a479d29f427e7a2a7f2263f6386b7bea6ae46397dbbd9b1ee65fd16b728b2eb4b97d28cb28a57d57e9a565aac5bdbc95d8a29687a96dae7dda9e9808cc662fd4c38f9d36a3d29fb37c891974dcb8a54b89eac41f4630f9a3d9517512bbea65f68f9225ce47b3a2dc946c5c86fd1947d0fa1c91d8e4e37d0ba71565d05451b962c591b1b1950e3d7cab296b16b9c127790d90a4e3e510edd11c43333ee333b30ef2dd93fe3756ada605a8ddf42e9423e745ebcd547e4b51c8bb7c22d22d2fd1eaf83375ef68d1194c48efb126434d8ca5acec26591871ccec708c4fe37d08087b474ae8c55f473a77646224366eff4592d3c9c75b35f61dc4dd198b0b6e8c374b99bd46646746722efc9b199982bd37f9a637f1be84223e49f3d54afa39d095c512d4722df3d07cf5adb9c792e5c721f689198bb665b9968bf6cf4fc99d4487a90a9f50fd3d0c35688df9eaa5716d5625467225645a92978428f465cf59a3d45a46f4f0675f066fd198cec727a161b7f061472d7ea3c6b5c9fe04f9ea25712b684a8e986bc96a4a5e1118dba52eeeb4b15a6d0f159f79d3fec4de98614a4ae2fa7f963fa77e192c3947916ccc06dabbafd472b5c3b8ff1313bdf4d2b895b479a3a28dc4ad494be08c6dd397775b13bd9b0b77c1f7ade0fbfff00e24e575a2386d91f4ed592bab1f66284ac957ea3bf5e1f2231970fa518dcb698aa25732895a92625f3d497775a7def52e04b34ac422a0b8dcbdfc1fd8a56e6ab93c571bbf5c23b91e4c48de2c8ebe48c3e7421e85c558be462e8bc4ff5dc7293f3d79f7bd28bbf06056fb92f9f0265ccd69a54f05c6ef263d50595112476cec58b688c2fc895b43ac6aabcba2ddf41e27fa8eef9f6389def4a45ff0042b971b69ec2e2e22c8b97f551ecc93db5e12bccb16a632ff213baaa85c504b579a3ac5564ec2d91e35b69724a4e5ecf13f91e98cb28a698ee5d8d11d8b8dfea8886f0244f6c3747ce9c0e45464b742c3b7065628ad6c545cd12d1cc863f1aa52cbfd9cfb4c4ef7a11638331c9667f67f4c8c86a984ecec3319fa6d4f1a704557d0cba516155f0429e74ce597fbf6d89def45ac5cb162e295c71b996c5d17558ceeb7e4c6e75e08b435d0b161aa25a64478a79af924f2a39f6d89def5a2c76a339cf2652da1bbbd783a791ab5393816af3aa42e29e6a89bbbf6f3fe47a117a6e24e9645f73317bf4f0b916ab22fd0f3a9d5d117b47dc4fbde8b161087c522a924256abe3a185cd6c5bdaba227c7b892f5ba2aa57465665135495c4eda65d080ab7f68c759fb89f7b10a3732996b2e29154cbb97b6da1f3a9520438a5e96e93e8bd12e3dc4a29b3209a45d122c242a37b89d2d7e9781726191744bd93d6f8f70e7ea1f1b512bbac9dd9717ec911561a3374d185c0b912f66f4bf7596f3ab7f06674ca8ca84ef46fad85c517b37efe4f7d8ccc4ee652ca229199122e2a35bec5b6a2577627b6dd1c05e9b8c73505b97bfb27d07eddc7732d5eee915e46ae28ee3bf83351f14c25bdc9f3d1c2ec19893cf2307f897b27d07ae52f837175e4e8b7a316f56cca704e90da171eb5c530fb4c795958cbe8cc607f12a4e6a0aec962ce641cbee2ddd258f9656b116a4aebd9bd72e4b0bade4ca3d852b19ae4f82e409912ff0005be46eee93db0f5bac7646f8b8a7d46d18c5186ad86a92be2e2d911828230fd5f517a62e0df747d3cad3cbf3d27ec248dd0baeddaa9586996b9c1c995524ed48f723178d48f345c98b2ff00146061e58ddf2cc7df152a62bb61b3e9972cc47960cfa68f2eb6b7d47fdfdab7633333314d99fe4cc73d7949dc82beee92b221f2eb2ee3646ec94b289df9a43b8c5d2874f22d99811fb93bba43d78f7a63ff0019f4ff00c67d44b88986b2c12aff00f27da3123fa1474297cf5dabccba3c1e7733971b328951a8bff22cbc523c989ce8621e88ca507b1ffa8f4eeb73e99a4dddef49acd16884de1c88ff00c98da21ff53d47d091e08f05cbfc1eaaae3ad2e48ab97b8dde96b44852e67f50f0fcaaae49f768678a2a439231528ee8c6c25057461e14a567e2939282bb272cf2b9f4ab97a30b7c7f68ce4b5d895a8e472657d76bd4cbdf6435b5850146dc9cb32b4f62df2624bc2141fc1bc10ab2e68f5a30f83ea9f08c3da08949455d9eac6998b1587049180ad86ab2da2cfa6ef6fa6fa4b6223958bb9097c09587d79bf53216e48d2fea15272b1bdaf115e4f727b8aae8f5a30b83ea37c54a98f3cf3ca8c38648fecfa877c4b0b655c776c3fecfa65e96fa8fa32336c5ae5aec4ad46eefaf3ef748627c8d8d7914b62e377645b5c189269098ba2b9aae4c3e0fb57c5cd73125960d9f4d0bbcce8bd7f51ff7d18f2cf3b2f0423960974df49ab8d586fc221c524fc0b9ebcfbdd632f9a6c8de5c19147b991b7844b712b0a8f81d1e88f23a221c531a2e51d8c38e585896d167d32bcdb1b495d9f723fec8c5c7f10fff0067d3e1ef99fb7972323c129588a3c8fad3ef758efb313cbfd17b919dbfa32c65ba31365b510a92e35c467811853cc5cbd524b831e0e51d8fb52ff530fe9fccfdc4b93c1b96b22f9622767739eb4fbdd782f738145b22ac3dc8e1dc9ab702a4b8d711f025e81ed0303bcc5938c36212bc532fef654cdbec395cb0b0ce3ad3ef7a10b6f17333913765b1720ed2d8c41525db5f3a21c93e087f1a27ea9d9181fc863ff1983fc6a98788fee38bf7ae228191092547cf5b117a9e98c999ae8b5c8c2ef9d8492e0c4f02a4fb6be74479313b452b60dcc25cb3e9f967d43f423097fc6a8b6fa9abc48c7962c683f3ef9f3d69f73d3fd19b62ed907696d498a93e2be7447925b72718794c15e8307bda31fb5187fc6a8ffea698d3c91dbc9184a7c128387247b57b65adf3d6972c7aa31bb124b81931527c57ce88938e6b16212b3ca47d38bfd98dd860bff8d527ff0050a9f53e086d047d57830fb17b68eb7cf5a5dcf5322eccbed490a93e35c51c523049dc6ae62716305fa6d4c6db1132e62c7340c0c4db2b3ea784617f1af6d1d6f9eb4bb9d1d2c58fecb588b2e496c2a4f4f815311ff8a119bd79693867b1633d9d998fbd88f6a1cb2abb26d395e24b11ca293309ff00c68b97d371e3450f1df8461b93eeea2e75be7acfb988d876d084c44bb4549698bf1623b4ace918ef7a7fef93768dcc36e48b8f0d4a571de3b3e0c39f831b7688e0ab6e4f0928dd180fd0665f2678fc9f763f27df88f1fe119f125c1f6a72e4582bc8a2970bda3e7acfbdebe19e4437b0a8c744313b6e66dd16babd67b62dcc677d88ab46c624f2afd8b15aee2f19af91452e071b99adc8f78980f7687829b3ec2f93ecc7f67da88a315e3d85cce2d4f9eb4fbd8b458b5189d1518f9a2190317699812e513a632f260c734aff0003d88ffc93bbe094149128b8330a4dd1ee7673c0b6c4d894970d9925fe323362af07de7f07dffd1f7e3fb3ef47f67de47df5f0c4eeafd5871a9f3d69f73156c664b81bbd50d7a442a3e4f34679313b884b2b2f7a7f62492d8c66dcb2908e58d27be32424a3c5316597812bc771e1fc0d27c991aed67dc92ee47dc8b3d2fe0c91f83247e0cabe3aaf81186f4b7d79f73a47fa2f237323d1c7f645fca168f2324614336ef81d949314126c53555a1ff3d717bf45a8e0be0fb7f0cb4d792f89f06797fa99dffab33bff0057d39f6d30b9d0ddbd84bb98c8bb198cd47fb1473768a2fc6e7aa0ec4a4d0b4b245dd945128a8c0be5767e492495d109d55121e1ff00cb98949479134f83bb1a96d3632994b162d5b74313b690e4557cfb097732c793d27a4b5df23518c2cc85e2f6ad9e23fd51558c6ae4368ee4f33f5783136b095d1c3233d0b81a3130f30f0e50ff00f860af55fa57a5ba78bc5571590c5c75a5c8c622d7136996f2f42da573c8b4323de87c9eac9fa24b3462ce1b25bab8a0d90935b3ac5da8cb742f4b16eacdd61c519ca1f5e5dccb92116f812b6af3a58bbd0e29c1c8cfff00165333427eadc71b4362f786c2e44de1fed09de89d84ef468b74afd36cdc565e4d887355c92ebcbb9d191425adf345564f917a60d48c8da32e57762771bcaede08de3b8a4afc1395f82326b8233bf25ae702951a1af672958bbb91e47b4896dbaa2a325c75e5dce895c4add062d3257159c6cc5b2fd12ed22a4b81b6dee66bab1b41128f946112e0c3c4685352e4b1c0a6725bab6d129586791adfe07c92e0b7ec83af8ebcbb9895df4d6a9221d96269a919a6e3614111c35c938a7c0f6dae61dc71b96b106a5b0f34778bff00b0b193e4baa66ebb6395d92e4f05f639632f9a228b21ec9f774d8b5ff44a5ea437627f226ec4bf5453fd119a313b48425cf05fe4c48a6afe45268cf242c57f07dcfd33eea162a6662faee398f11f8371dec58e5585e44ed48f02dc8ed2abf74c5ad925712ccb2937e94be04d917e08c6dca135c1891b4a90c4cbb31e2c477932385f262476ba30d2b5cc4d9ec37721cd3397999fc1763725e48c9c8971c9765d890dee3773643db823c122e2909db91f37151f1ee991e8c85bb32a17a1dcccedb19597bed21ab688625b6913c44d59184fc53156e42cb76c73f82165c929d8bf93ee0e5722ec3dd9bfc0b9257b11b793b99977dc90bd2aece49714ff00113d8871ef573d168b3bec66f57067d88bb332938ec45392dccbeab232a24f2bd8fb9fa1b4fc16334ac27171dc6e02b1295d7028990b24792e46d6b97ba16c8bfa6e28ed7670395c8b44f721c925b0b662e49186fde58b3bf49a77b938bcdb21418f0da22e6bc12737e0527fea5ddfb0cae5fa3ed7ecc92f8324be08c648799aed324be05065ac4e2fc192464140ca64250b8e2ed648b368927f06497c1925f064794c92f814761464bc1693f04a2df832b6b8324be049df8ffca77fffc4002b10000201040202020202020301010000000001111021314120513061407181a1509160b190c1d1e1f0ffda0008010100013f21ff009e382082082082082082388410410410410410410410410410410410410410410410411f3563fc317f862c7f862ff0c58f90ff00945fe18be2ee8a9314492492409fe3163e2b1b82647020aec681a5313ea476c5de31b123dff14b1f19dc6a91707baa79308c2d9b8b7962707fc3af84c9250ec81697b19993f25baa196ac934924c0335ff00712ff8558f8134621910b033b1c99a2056437037d93e1c09c8c7b42e4fe10b1f05b832364946645664d27d0c3f2263e40bf77f06be16398618bb3636b54631f3926b24d1d3047bbf8258f811218525c2c8897d8c3c122203f2aabe661536ff008158f3b12d9190d524206b8208f1be0c9d09997f00b1e785123a3104812b52cbe3f65f8cbaa2b97661ff0000b1e6782ec0ddc6e89490c8fa8cba881aaab519e3145555b53caf9eb1e678133d52a892344d87c59034310e289f143166898d9c893f3963cd0399d4a4502a493e163545a8170dd362a2373e72c79a2443189495a9349a4f818d139b13153221d328b0694a201fcd58f34b1e862c8a2dbe034412e3c0a932353833f31607e4781e696428be03aed54df32c910c681f7f3163cb9a8199187c175645543e5f5af98b1e5cf48cc8c4927c6dc0d4317112156a50d43e4aab2f62c7cbd797316b0c5931f1e0521b95112e890aa326463c0d08c5752be5ac7972090d421ade250786296e9a12f8344fcb5e578323b19b1ac2f038e58a42ee24590da597030874c4e204a7c1913e2a981997cbd795e0b47c2c3c0b44451eb04b2c6cb9c1991dddc5eb8a48d472c883f88b22146622c0d0e9245de6d993c1613c0bc3d18c62811cd392c8f0ac58fe212540ecd8f145ab0da8998d244c5568626d072f2c4f08f1188c51a0fe25644332322779b095a3159bf15b9523826a228eaccaaf021d0d3fc4e047d8cd8b146888f522dc899c8914c9892317083b48496383e0c5a3151d1997cad562fe4927d0c7824110730960b76b8749b924e0c8cf5ba9b97a2b21d58f8a1874591d1107f13fc4874780ec6b07408097484a54cb8898db3a0eac63f08e88680575f275e7774248a9605817a1f412a2de46b19566054249abe78528d9aa6543ca7cf64f86e9dd31165904993103429131892341a8a492264f81d287446c434aff00011e1bcf54d511c184e069cd1ac30d8f91aa27e1753e086b975fc4c82161c53742ac991260496101d4d789d5a1518b03dcbb5fc55f34ea0892492cfc8ca96552a263f13a5d754581e3f8aa7bd517640324926902917a933cdb48b9d8ede6c63e287847ec4fe5344273c5a2139f03266aa49ae5515113432dd8df6242205c58c8107454591132f933391c323d8f204c18e8ce682e6c5a7048b8263cd199736393e06b86e9343af90f24264292209b970c6991237366b56909cd5da8ccd13322f56f10c74631a1c9db822f57c8b7741aac0a52e61bba7d881913421edc9da883ac4e8864c408544a7c437c5a12d261eaabe489e44d90a68591e6e21dd134bfb148c4090b9e087c34b155d145251781be4c9109cde1a8c8868430f8ec659a6da2b4c9b6337b6c88127a19208f038c546a9a5d549791ba2e2cb2c35435a19d41607947f1d4648b0f2381aaba1278af831512738a4d2662ab83a3745ca25c1008640d0d1365619347af8eadc0b749a1330124d27c25cc3a2a313192d6193f4f649e037e297d147568850cd57e158f3974ab9362215159109555244e578b2151d89a3431ad814b61706c7e265968ab12ecfa24f2408244e792c799f96dc22c84249244cc927f5cd2e1d366e882ac09171af044813e4b949751d3e8f62c86d2ab2e8938ac79b20a6a58db463248c76aaa6e09a26e4974c487c24c8d5206e7015bfe87b5b746f25a84a140d88893048d88744a70a4f663497158f33dc3085907504923dd2642c0c2dce09a2693e53398eea366e8e937244a4226b8dcbd13097e077bba6fc8fbe1b3232609b0cbb13b1c21d9e04a94212743e81ae834c376062c5c58f34e8e14891260653fd04cb1622523e4447d05a64924635ec7a98b7122b216d30858fa6909e467b7194d096bfb267ae25c57082ec8dd3087d04bb260b84a06cdc148b210b2cdc093a43ee0d27fe0ca304cdfcd604da469329217625b237151c2508bb13310612128771b94a43130b109091faa3a610c64515c090a4fcd7c8b8aace978260930372128a3bb1312086ecec1091f842d49e2d2c88c1799ea916053284d41ea685ed1904c65427a64761ac6ef163683b26c7a087b83c8d00e9244e08206ae4c92170434c3a22b0242e737d1854486e5e84a8d8f7b094209411595d8b6b9d638e6f339b398a8fb16a0bd86272378c0f444cc4b44b5920de01389d0b8a94fb12140f25aaed8f827dd12b975229e65ca40890910d36551a0bb416842182e6c22fb30471820cbe667488d523b0701dc6191cf424246c6b63abbb3fec592e84ec3c8f72c74d0af45b481afa178e410093049b9d1a06e4958543276103d8c486e91c7279ac82c7644b781395845a421264c9249242910591530b3122561de8250cfd618ebec9a51111209789cc401891b12910351cf046a456c8812f24890df2820cde682bbb27a49d458858999ecc26c6eb76c7ca54221607241770b4a58a511b18dfa8c744ab8d97ac97bf10bc2dbdd90a1819812854810c9441506884df90d890d8977c23be19bccbfde28e08bc3e19b73b1d221c7fb12203365f23fd46f03771a58748a3347f55098116daba1246a3924da110dee640c48b9cd094ba32d090ae3429125cbf03408362437457303637177616b0fb19187d0b1e6fdfa49248c889dcd09132ae36d2b1956626ce4c6c90a8b6074096d133f51ec4c3d9970892eda4878a439620936376390cc55b7d884a42546c83a094218945762d343c7a54c8a658c56c8949248a5649f635d79f83fb7c66bc0b41b958c6e89c585f72461a94e0b18f289e18d3172d0879a315207d0ae3032a08da4fa6443a3431edfd9efdd591457a32816075764017ed6370528545893d8af76362d9190b2ebe1fecf1890381a5614a21e478c6841b8c070d4211ac8f01729eb25e05495205666c12e21362264a95b18ee52a9a59bbe103b19fa2c4252ea246250a8bb1db5d51a0746252fd0d8bc2e1b6d2eefe227f7f04b906ae5b11196a25894663b1687910f26cf4874c0bec3c190a88dd2c210b03b3e094d1a3b3206a5d1e052e12074b064d8f23c474662c42843377cd63cdfb75c8a015c4082144b4b0c6c9b58b3126c545400f6a1935c518c054caa515577086921281dcc08506af02608e18d0d8e9545d7fa25b4bf02c79bf7c914b12b9286bd173d883d16b192462225b7157323c9b315d097163834848a24f02cb6c89b636243ac54c46eab630c9b53f4ebc2b1e65fed1a346288136b097b13485f67a06eac25b238d59be0b23f4356a585644322b8c25b63625ccdd11ba1629921980e4b178563cdfba442f66c99a262e844b64f021fb1932c81ef040abc05c647493a2a8d99121ba243e0b23aaa31607c2c6bdd5735e6feec684b5cc604fd55296cd07491da4dab8ae3cde8cc20d08d5726c7865c848918912a3745c5d90b948a8c04e98af12f33bb1d89d9d43eb04c5095278106ea9060f35691a10ebd8cb301a4c8c645437442e45c18e89d0c54bfe45a08adb2c04db251624b47e01268fc302da8d98fb1d478a3c0b904b221b1334212a3aae4f3c5d49932866e97b0be3a1327d8c11c22c1a24b0c9c05b591027631b945995563e4f067455942268df990f8131d4f1f21bb6712445237412dd268b93316190325766786e8f83c08c3ec6a20ba8df898b821f231754dbf8efb689c971a0d097715964d611b427582517213c8c613c9d1ca4d917698556311b1e844c181247891412b1e37c9f13ab32f8ef6cc4f371590da591dfaa9bc3a86a126e04d2261979c43a2108782d6b978d6879fa48f0451f27c4e934c8545c2070136532cc2fe666b448adae44108b8eda7436608305ee58920d6431650d7e1b36614d0d9a0814cb2691b6e170211859b4ba4208b9345ca66bb125b29f07c98c7563a4977348b44ef62428f34b6dd0d082c094c095a08092c319b52cc075172ec05b5d48897140e8eab25b08e8d9b98445961ff00a15680447d51f48d16e2fc9fed2905e5e8639b1c0e8f898f83f14b7591ec30bf9e21974893b63826682cb064251822cb522bdc426c0dd1e4d084b8ee365ebf6433f929616cfd0942489216ff0009382d7e1ab831c8e884318eac63aa123aa9f4049a41021bcbc0f3e649af4442e90ecb6447019a36658c9382c8558aec7cd0484b4637574588d9b0d03e86b71a74fa24e69fee1d3874cbc8e0867f3e4e8a8c63e0c757844f7644b8413b210e06a0844cdd79a4ba22b263b488cee4247e848f06a45cbd8946564617090ee912a582a8c051a588db129c17b63d136cb0b288604d8ae8c7d6d0f7f533c2e7fb7c24755463e475d097b0e8416597e0437434fd0d18bccf0c489781e4d224090fec97e46d2c8d9a9c225768f72989408b43dc21e054628c91d980834c4a6fc1643ed54928c9293fd3f0bd7f7e0546863e2c745b08602121b81d892ed616e6250a3cd3b9e08ea2100d244b5402dee64c4e86b2e668421e5d88c0583665d12119aa163f3090fd0c7890dfff009d8cf13cb3edd7ab48e90b3d05c1f80fc19435c2da7b141fa884bffb0942c52272bccc8f534892e68dec62452190caa4c6bd38434a3542a64ead0c581669a325550ac92188c69fec5c5b65907d2c2c2ba559f5f423ee3f131f8890e44ca1b131568212c3c162d18f37ee0bb4222059a2d85731979a53fbc98289d8e6ef421e07479264759d12c30b3336747746890d58e5109887aa7c3248c3f0c02246d90205895350b3ebe7fdd108fb084e50e1201ff4843426042c58d44dd08c9421ae2ae0a204baaeaa926e47364691d218c744e984599fd825a249a6b1e36c7e062a5f12d508c2602c93293a9979bf76923203bdc397d0f7ec65b1e866b465bcb1de28541e843cf0ccc046db8b46959a105525844881df0f042f2fe874e05d0924a163c4c63f03e1f7d8b0498ee363406fb02709f37eed53913b476476621170c4834ccc6ec222922846737479e198a338fcc63fe84c9e1c9efc104fcefc7ba2da68e08d303bd49371918f2c6a50bcdfb359933c962504a8c2f430cd9e58ed8464a8466aba1d4b4a27f40ef56ac27e87fbaad9fc6098993e47c5f2d8a9360665b10611533f9a267b3d993145189202097c139a04b091588c83355b1606859125fd1f5845eeb4657a2c1ec88e0bcfba2310a1cc259f1bf0b18c58a2e39fcc9fd83a650b373016a43cc633606ff03e2f342a6f2746d5d0b2192460c6db3d8b8f6582fdc1ff00a696a7dd1fda17f46fd8e94606967af0493ca46e93c3110b8e7f3a421a22d28b31588fc16a6c5b60d7d182a157e8db8672316045a86895f6b0b947fb490132cfb15313183d51bbebe33c5d6474747474c042a2ae7f37ef1040d342cc89f64ff031102562db9193c50ab6cdf0810c2631a6c4e4885f79c11b3e53a9909b8caba3d81606179fa68fc0c926b346c7c4842a488cfe6fd8109c35981d575d9132064d08c5536408590a2256b23c98c13c44f64c83c101ace0d74b99e854c58bf74290badf0b249ab459706ee5fa1a39efeb591d18f9485c7379bf729f73a465fb324a207265e35342ca4336222c41649b2560b8d584a7cdb16689213162ec4c6edd135dfd09d7a8ed2d1707fe87a6bb1243a63ebff641a90ea34e258dff00dcff00e52244fecc5b293160f93637c56442e13e71bfb491b9a452040f7a228ade68460666ea6286d35ac5826cc3a59fd09c94821f72c16842c0e02bb0521a3fb174bb440e6c6469b47bc2ee097a6ff261149e0dd6491b1be484d8b90be19fb23cae099e0b6ec6ef45ab8fd508cb8c472f4c456959dc97a5604536158b6bf12e1c0648dbd0adf88449e74c80bfed0a5a7ad92d0896192da2ed5909b02058490acff93665f823c949b63d03d43d6c9021d144d668dd22ae9b31fc43f7868d898a5e88abb1a41b4475c48f620684421ee2c0c1f45e7b147234286a302249084052cdbdd3d60b6245212590e5761a9cff00512c248ffd385622b27f646863d33d321d4492c243a493c628cc944c9a10ab0a3efe066ea43e8639e531a3d8d452449a76d84874358a8d09588b9142c2e1960b90276196f085a12c08686214cc5e9062abcaaf4294912668698ce435de8d69116477d1126026dc238ecb286c042a40277bf85191487d323b417529814ba06e09ab8a65397eb14abd18ea4d89685996f249ad95b0a4814f7481bba581f92c20b8caa4ff006d5158227d89764c99eccb2227544706644abdabc1d945e697e6194a20c4b623b342b442684b2ee9925b5d0ac3b258a50e390741222b7640a997d3d1049aca2514e0bc42b0dd204f4eb1162620752bfb13bb6bc334cb7442556c99a3c191090d621644c794622619da8c1e6c94773013358c46e2bf60a905a079fdd0a8e874a61a5afb149ba8cd425047e10b0a8b3a368fb32330993220c249614729a2ecf6e09249ac99744318af942bb30c728c293e8c799820f2420bd129b88c25c5e42151a104578c18686b61431290b031e89b1301b4866e09e4cb7fe22165552042745c2b24d2c49248c4f82496c422e4faa0392b0ed3262a58c85bc8b1e6fd8a6039bfaf082a9882380cf74c3231a8b96980bd9561ce4fc0d058b9d84e8c10e823a18a2945d8ef2532420208208e10411ce08444f63bc63b6c2485d409c34eaec24858f37ee124b118090972ccc042a3446a5acecdf41d37114a3a40dc0d2b376f25bd064d8e93b6378caf67446329b1d836831043208e704510451766c44eec8c588489312cb25cbe84f0244234661e7560ff00409409736377a1706897d10b85a4f23b020695ddc49ecbd89305ec9be44264919b237c85d66080e425b0a6c8649864b5867b78639250d8158f6c893bb48c0c692996b6fa63c2b3439b81e1b42a6c79f324b09090b9b32a1716869a721d33d1124b524b0b7d877867145a50e0bd131af7620308c26484110860189cb318c85e811646512408124924924911090f584ca5cc93752c4284a0974ca1a729fb16f427d0771bb8a9dbcf1762f0bae85c90a0bc9c34771612509922b25b3b40dd91f45e92b3a42c88816bb1bbc5a9fea2d44882fe52cb5b90ec896b24db0246e12725cd89a6593a4bc3fc0d80ed6693d8c91448f5a34b0636850c3643d4593db20f04f688251acb0f2a981edf06dd1781d19085c5b19d9644b43c53711a741bac4976618a282e3feb5be88572db210cc97db7e069102c6c54640b8ec446f21185c6cde8248be471760878246e16821dfb0ae21be4288c93eaecc0bc052c460d094e0b363187a5e05f259650b83aca2c5606ae4f01ab8247d0519fb45da7045f4327a0b244f6431f0627774439316141fd8b2c27f43ce5a7e8b620c79702f633724a7d10d621232042458114e6e1235813948c4373258490991711b37cc62ab765c817c88208636e8cc8640a79c082a21a9641b788fb12653fa12c5c218621dc5e3d86dddc06b1dcf60f60bcb56e87809a85b775028a121c8613b50492dc905ddd8e4b0254e6095d0a4d0e246e1268469952246173d81eb1b8cacc3817a23203d49a3d81357213257fca67ffc4002b10010002020202020202020300030100000100112131415110613071208191a140b150c1d190e1f0f1ffda0008010100013f10ff00e78c492f2f2f2fea5fd4bfa97f52f2fea5fd4bcb7a9696f52dea5e5fd4bcbfa97f52f2f2f2f2f2fea5e5fd4bcbcbcb7a9697969796969696969696f25a5a54a952a57f91a3fc865ff909898e3fcad0fcebfe2dfab99ad7f93a3fc87539ff0093d0f8b9f3c4e3cdfe6ce7f166bfc17fccd1fe25e7f0539f1a87f8aff97a1e309fe2ea2e65cb71fdcb97d4d7fc7e87f82fe0b5e8c5a9ed3b7dc42fd781696e27da00c5ee366ee1b6659c7e77ff0009a3e13c73f8dcbf2453913aa5ca89957d114ffee05c67f71c3087dcc3973f51b3801dc3451f53ddbee0d81708c07ea0dffc4e8f9d8cba9677e2f38724bcdb1db7455cc4f2cd45b6215138b496ee6d9965ee59dcb8beae58e527003d336f7f6a67767f0cc80a429ff86d0fc4f27c2901589834b163083f72be8ee232c78660f0dbee2d5ac3de101672a8ba03ea2394f0b025958ccdb3a9f4976f5047b81ba895b952f42abe1011b1be4e61fe05ff0088b0f9eeb713dcbb77161e2096adf512aca34a77e22d4ab513a7d413cd4ad157dc4d398ef03ea2198ee7d3065d4b99213ee0b03b6fb808e5c902309c8ec97e2ffe0747ce9728810608a0e08174b0897ff72dc7328170e9799744bd5dcf732d5e62f799a98f17e07af3746bce02e1c74ecee6cc0764faff000b8ff0343fc05a21ec0b9eb1c112ab12d9ce22ec4c164b9602905baaa9542efb95df73663171ff0050ea5d4b8e3732865e2a1c1840c10d492ec6390cfd4e3fe0347cfacc3b16a21e0304405b11caa1ba3a88c0d22d8420e3f444af44ab597b8956e24a8c5989b65578bac41af64f712c9814ec834d9079d907547fdca1b4d90c9ff01a3e7a09794b351fba25e25dfdc378c400b79a8ddbacc4bc404202b598dacb45f0311372bc54ff0052ae38c78d7d43307306a1bde20974c21bf93b81df0ffc068f9af12c4bdc458b4459732c65a3b888371c35fb98305313afdccb731e2302a6b139e88a6698e3cfefc5661634ea0a349884f5dc550dd59b2223f4e5e9837fe0bbf9b47ccea06d6fe2643e0dc600a8cb75772fc42b91135ff6827dccb1809b88ea0d301d458ae85400f71a783f51f0da14e1e22ee3a8bfcc76637169b838b844feeeff00c17e6d1f15f9e2652520ee3b66efb8c971972ee564c4e3b830bda64dc70658f862c4605e25f1744773267c733fdce2c8ac8311546cd4bb0c246f7fd4330d8ff9da3e665771df6b8e20b65b8842866612e0fbcc5c5c45b8b16318ca825f31e37195c506620d335487f52aa9159ee386f862b2e645bea1f3bbf9b47e77f9b88d5adcdee6d3d52dcd4103e0398c2f85c631f0f80408764895478f0220e6552f923cd3cc10699b03f515ab87714f6104c77f3bbf9b478b97f1382627a136c4ca6ec4abc2e5c5ee5cb972e31f35e13c0c1d9da56732ea0dea0f516a6cbe277ea28e1c30a3dcce7b820bf99dfcda25aa07c7b25c3ac46016ccb3022e65cb97f932a54a8913c122666661b8622f99b89148d750c35139ea3af494670dc30742fe677f32c3e5c33f13fb53687398897165cb97f9d78a89199463059195d625acd618b77c4e291c92f32f13506cb99d39ff004f99dfcd80fc6fe0fe8cfec4ed3f9e3a12d32dcb972e10fc805b310b9ea1dd05ca8c91aa591475126318edfd787506ca87518b1535171282d8c23bf94efe6349502bcd57c1fd6869af330dcc4c567d41c7e47e0a0b5a81a194968ac7572c79cc0a6083b8531e5881bfee14772a09f6111490f70c336c61b9b20d2753d78c60727caefe6d1f29b0f52a72c1715a7807e279bee0bdbd45b7475139565750b32de9d4e210de08c7cb125a593ee563c39ccd306730712f57930cbf91dfcda1f2ec880e886c835b4c0e58657e372e387a851622a0d4bb7fd4114d04d2c3b583d2bfa9d213b1fdc1f986823e1950e2a642bc5d7d418e58a315c6ff00ee3ea5c5dce21f03bf98d3e6beb2d475a894c587a990895e1972e5cb968c1c07097db04cabfdcb5325c0c0b067357cc6bdab983b1f6840001e58ca52c533788b9b8ea1bfb8c551567654bb257c6fcc68f9759de817128f738b17f6988ea1b6c1d67ee64cb2c198306112e54605ee5bab09598530c1a70545c66c8d0a170464b5ee115e53c3d4b0bac91fb9b20d91a3737308fbf88f1f91dfcc68fc6ff01fc1ccb7ec30d2eb133859a5d319a6a731132b6b3519846d820af00c5c63325ced05a1fb653a0a77054b9fa8145054a81e151231f06c8e149750609ef02d507030523c1f23f31a3f13e14b67de570151553b202b111b549afb7dcc700976efc1407b952abf52a71b8d8d384ee39814bfe220e388127d4fdc08ae214230c11f06c86a798e120bfa47368ac495a7229f23bf98d1f33a6567a10f3068f57318b9881883b7d9a9cd4b95b367a62acfb967dd418bdc13ee2fab3b25cab65412e22d5f3e21547824661163e575f70c9e0da49cf83b666774d87c8fcc40f8b643e4f81e2613b5734878ecccdbec88c8ee656e3b95a0c54ab95145158a94cef18204095925307a9fd9972e260b9b2e5992bea0c1b664721328c62f163e1332eb8e92262a22378e7531773f7257f9468f17f01f83b9428146e7ae23b1dc435589bcb9b93673311b350b809433b8ae9dcc178b83492bd1718650960a38ee2f0c55163c18f84833a85b26c186161d338ccca5ab56c543fe49a7ce6d3b985b98cc258ec76c2e6076e05ca2af2f8aedfd4a84d9e2e3cd02aee51d399f7f0331626e31892a547c028b8f88951d7a8649b08eb3c9058727f92688f93c2a817e1a0ae04750586112e688d34732c506e1c90596e0140546c41deb65c1d44ca52cac2b532f921da10a1b8c2c632a3e13b820c5315330730f53fd20d4aab9f5ec7f9268fc92e046fe025ef371d476988fa252b339943b9cc1b250c4757b45cca2298c92e43e0c9e0bb97f85448c1fc78f31d90d41cc773da5bde7f926bf03e426f36477a5533d474f36e2b8625c6902fb2c0989b88b5ee525325a977319ff0090d4ab3c15f9b18264c4ab977ed14aaa9db73424affc981a83f8f3f90fe3859e0a8e9c45884348c81c30b930abb7106cb8a98dcafdca59478e2f0b9657e4f964ce5e09b8751c5b7bc7f966bf3bf82926c59e1220d9985d87808556ef5e0e70e99dc02218d25c6aa0c1f375166f196a44b1a8d98fc18b1ccee1ab8b4d10dc3b8ea55b2535b032c04e65f8bfccd7cc4badcdac2367e2ae600b3e0377ef11cd545b52e54d9f678e52e2e62da76785c4b8e7d8220e653a2015a897941f6432ba9895f83308ec9913821a609e1c5c55845849f427e37f89af9ac32c6ee071072c171488570895da1ec86e497ee3368c3179b972e2cd2633d934c6d08e4ea6b9cf306e0cb9fcd052f72c0cb00d41b996bcacbe0cfd446b38865d40c2ee25f8051f82dc519f7e2ccd307c8752c7b3e235f35ea712f6732ea18f44621e9fc416bd44632f137c2315b2ff000b8e6644397fa891313384a967306199906e67a0965b83ee5060b85ecd1d12c158266f2db2b2d254a81f8e11db89506710d937474e5060d4ea74789470d3e1b86be65697a4c231aa36f712690b3156d691387100b4e6168736399b4c025cb972fc2a5c5c5cc03c4dbc26f131ce9fea1c31d906332874cb0d300780c6d2012bf35a9740f099892e9fc84610fd3887a9b8eaa5cb870cb97f01a3e6394025ad3ee28418a15655b89674eae29594a8743e90da7378d47e47047240ff005414dca8967d4e662fe362a9764480ec9b6189cb00f70261f9ad780b7303118c483735cd66184adc7a4726c898047dc59963d662b37bf84d7cd97d4bfe0771e68f44334bdb1e443d32e8b07b84a86bdea0b017fd4105889ea57a8c17e3897e789701d339cc8cce650d781c2fee5d10732c1e49598421087962e62d4ea6656e08f863349f70c1e3d98ca36180b6bccea2a09c4f7f19f84d7cc1e8b55cdd4fad79ba99ab9583611c94ccd780f1036df97f065c6ab5c13169834dba9f512cf72c332ceee2e0e4ff005045a9461dcd2e1896a840f0a8785897e0abdc1f8a4190e5800f10626b324c12f43fea9b06d0f80d1f300a3e845ade2a2788e78c445c30d7d90a43bcb98372fc32e5f9b9771689f664ccd6a3a8b12b3094d713454d2c8e63090d15b74d431b13d4cbee1084b8316668b7e021afcac16b0224c9a226229c101e60b0d8c1b088f0c12ff0b97e747ccf1396e173060555eff8862e3ee36c5fc41980830dc5dcb983728520f72e5f97898fed8b8893466457313ff2060c125e2559259325b2155ca783c01b670932f8b8435e5f05806d86608e080efb8ef06672e114d0b654ca8e8893b5fdcaf0b0a6d8031f968f99b55394a4555f70aee5894e48014004e4214df92c80fd21a176ff00a832e1f87ee483173fd4c83a8351624b7ee2a698e48e49b4574e62536c44546f106302c5345455dc2a0c597f808c658ab1c786ad45a28dc1743f98372a50512d60944a81e199041943387f1d1f33afba58ca9b4c7d31b75619945646bcfe99f688ee5f4d334c45dca14ee5cb97e19570f4cb8389ccbcd3a8e2582e60e19ce78b2e0b8805ae9002c2b81308f77a89894350cca87920c1f1a8c501ae6118d1e2dad814b2a9dc6e4a8b98daf314a79c115d340cc91e8845116bea5dcb97357cc017b9928cc52180831060f52a98844012e50dbfe90e12a58c1e2230de60c3f0625c623ced34c78267a8733495bea148a73995a1896e19ee274088a4f4225a96be0c469f85cb8661e415032b0f36db86132a0c5117a4cfda502f4ccbb982a070452c27fb4d60fa83336fb9ca13a09c3137446096a050bf99d532d6b729c03e89b031bd29790454200e3a8fb3b8b19997f78ea3d1cb3022f865b398086e928ad18ea0f0061765fb86d13d7b822a30e3bf73447d26c9acc1e48b169cc4ce3c0b13f980c565996da33166f0d1e52e3b3c1947e03c2cd47d0ea004b56599a70eddc4dc2232f4423034422b23d46cb44c3db3893d4e42fbc4785f733b64dcdfed2c596ba48216e7e66c1d54ab76b820a60565a58c4b1cd4bc6a3733b452f873314e0ea070334906f2bfa88c07ee5b95732806f8e22d0832a7040854130fb51530a75fb25ecc933314cd216d44cc5ba285dc155c608eefa6044f1530fc0f8c20cbc4eb26a20452c285b1b16a188e08fe88a14134c4c7caca4b8deaa573fb79669acedcc5f0b98c3280fd912a8a0f98729c3bb94029f5710a09ac650145af70d3505c1c4029cc0a801770d142cd984e15fa26b809457441601542cd19468ac9f44d12ff00d950c14cff00330737f73b0328f19851c4474dcaacc0661152825717106112542325cd3c2c610f0f934dc12a3115580658d41a4acf15128031cb36f961f27ea08b77096c744cd77fa49965753da5118c4987cd5a942c0f61eb314b8c1db30d4288397dc755da4ae309fdc0f030adabd4cd0a23973438628a1fdcd203d4c000af5338fda469e2da8063413fd32994d3d4b3757735f4c477a48d156618880e58589c6595536b8202aacac4a950254d2317c108d51ae58040aa8d982b2c55dd282054013046d8661f72ecc032e62f25ff0052adb95b58d08272ea341ea2dea24a7825996987d9f329b139cb1034bd451c13ec94edd7a89da7356a0b05abb99d424a79223546fb205947a22580e25366a191d7d4000cb16066c6633ed9a660712f14e626c3f529b1920e6358179852869311fd72310254a84a9752e2e7c046a0d72c0a08d9a21866352e7ee2554112c5b338d7133666b33985ff0050ee72b6c5583728cbb9460dcdbdcf68071e18cfeefcc5d08a85dc41847d62145b06cb8c6b98bc4fbbee2205546c5d5cc0cca3b8e413039c05dc4d11e8201faa710012070236440581a61620bc09cc1457b8f7323ea3419fda712dd71323058f73307788014e82399e5b20ee54a952a579af18560e5814115e09d066269298e0dc284a706e36b02831dc230351c112856e16e9ed63d2519772bc1017ea5d6a5772ba8ff32df529ddcfedfcd942db444b27ee6e2c746d0d5573016943b197a37d267a6882d7ee0000b6093a395ea3a8a831502c8e20af30a96c58000f45ac21003188c72961ae045c3e15136cac2c4471025ece6273e528ee0a83e0713687fb21101413a9b655039664ddcbc2cc93b63a22fabb85602d8430666bda55c65e0952e67b96b44a0cee578260b855710035fccfed977a7a980a22df8fedfcd985c5a506a35c01f50c4b8a9b81be8c90c2e56af826c8e6647359f70714fa1c4a16c3a7b94d90cd9e20ad7788ec9b5702d772a44fa7e26f12e64d8ea0245fc4ab07338f92ac7714e0948c0aa911663f8712bcab0fff00e42604544c16c391fa8b12ac3440a264c214a8b77327a20a263d5e5d250ae651976ca0f7335ba9630c1981d30770038df72c802d01cb2d855db04dc61e3086817fcfcdfde4bc7822f728733a570c687430efc9e7d4a451979894ea0c3703920022c6cebdc4015f0ec80b43f7161697333bb925b16e2c1f48cdf2e6e8658e35cb0798f24008cba84077b5f71c64187871302894842271163a95517a94c0f472cc7d128846a096d9a839f00f12a2ddb16a1a712c2d8b44307b66b7d936fa2591e8d45a207d8cc4a20a5c6d3a8d7047055a0e58ee47b6a29617f5e186be6fefe5fb9c671399551ee12118683eaa04d386a0e82dfa9b0df7020ee4ea63a724784fd223332e078a6663e6649ab80691166777b63c88199b4aa10cb0ec6483a59009ef8957bdf11ce43e90f06b2a871db4456ff7b2baf0ada21b2cbbd6a02cfd4a9908350fa9736c00289560960fe899c7b1970f2c233a25db70d59ccbcda1b701c4bd96b33c1cb14cba4797c1a3e6a6de5317a9fa809ccab5a9a45caa553f513708715180ff00640605aedb57038cc4ec8368cf4ec8c22b67bc9895bdbc21513c511d53d6e0ab1e1dc05630f502936f25a99971e23253f73380604a637d0b49067207b594abff00545c5183af1f514dde2537ea67d63852a23058cd1334ea155066170ba1c98b882df647887045c1a27d525f820b544d1d472f67e46be6cdf1794f701aee3381c42c00414c2e54e2c98b12e24d5ff32a723c3039575c39223c7fed0bc4fb8008344b47e9fb81ac6f995862f226358bf710dbb96951e9608b481335ccb9713562cd4ca4d3b86f38e20c1977acc459c440305118c05aea6b6db13c11bd64098a8f572d158f5143045216f99027f108b3069b8f006d9a0206015fd455296bb7f07d4cf3e347cd6dd8bcb789673fccdb11ac5cb1a96a914cbb896e5e315f5068b5b2f34982fb0ce2332698a793e37d404c03fb967ad735085315284b250fdc2e3012a4198ea78b10aa50e4943570086217b098232c0c9dc5a10259811f714d4747660844712e89773a22c08697b6718bfa45cc78b8376e021a3cae04517b5db0fc99a3e65fcf96adc192bf7311ea5c54502a0472c161bcc40c9ea34aa403b060bd278889b625817f7308e22e2358aeb199b3a957f59fd2716648e6545848302189770c4333b8f90c771423f863b618792db10ed78974cd73af8a18d4cb8e08a6f384d89b3ee5c2a1f51422ef72feba0879af0f8668f999b7578020177282a6e03bc148ba97217888bed2c6326522d97dcb02c210d08d0d0f52b74afa864684372e2a19792f83c245d3c4085e44a027ee6013a8aecc5c4b6e10b12894972dd8b625518267fe125d8963028b9b6fc04730e3c177e0464c39c70c7491e22b8abb6e0f221e6bc3347cdfbd69b1016216555cbba49f44b70495ea17ee20eaabd43848b8b0ae269a8c185ca73bcb08ea5c33223b811dc35f70a55ea6089a5d4403ab8f55e19d9286e60987129da0997c41739a6950f1c4c93328c060fc0ed1e07a8b6454d455dc83c65f9334f9ac56f68f6f32bb6cf730f9475ca8b69bea05a03f7034a51dc40018f72cbd9160687515dd97570aee3700152e2c4785a385ea7b4bc99d4bfe261510703dcaee9710d0c1db1a18d4022d9caf8ea9b609a8b6f822b20c462409a22d10b478af0df2c21867f7e1087e0c48cd0f9aa36ae51af280ecb7dc12503ed2b4baaee550251ee08e922c456f750670ccb63ea52986a5b35b8e248bcc79cb8b325fa8d61dc5862a2a2f7c45cb0d653db922532b2cc8441b8aea02a0197c5137041445c79239a47c13023c4bcf98b15dc556752e623d3087835f83186be6624a57290ed1dc1e8b886918956edf511651196dc3dcb17c1100d465150ea002af2b967d907377c45a52f52e2ca3b7c023b8b6c350284c93ea1b7fb9a89685778807598e771473020f0f908e388be0269e0b288886d129fb839a6603d781e0fc2bfc02d52a971db85be6283224de689ad436b31ed203a5097dd2de88943f684b046506b64e22b171f52ed597161f072e6712f0bfa9c41c4589ea0a4bd4166a565e98c47a4f6ce89b81020463e09a20db1d47cb8c52e5d7978371e19ba1060c3f17e775ec7dc28a220eea62e877885c66ff005020385e0855699f503b5d11682a398aa1958d30ab018b93c11732e25857716e399815168fb8de095a27fe51d5b50b51b528be463b2f114259e02043c316108f1e499fc53bf2b899933185e18e0bdc21084a952bc3bf98c92a9cc0f68fd92c62a2ef2dbcc44d6e081c2dc194bb66c001981d3a9615e798828e25e3188255a388b3610aa7005abed818b8658b35e14bcc02e8e082e932bb99468d442613a658802b68b139972ae040f0c5f0423cf87c9e2b317ca97734dcef36bdc3c040f15e5dfcc74445b9575a2028351decea21b1a6a251a9c47d43e8408859a426074732c9e1209bb7d4c9528ebc3e805456bee3aa84ee2c939871f6c5769dd4e5f52a03f70cb2a233db1c1f513d5a4203c1e6a542389b437e2fc131f077e748b98769b263e03f12e02cdb1a6544a6d6f3f36cc2f6731578597a5fcc00a0d44120a99be8f12a288619654ad980bc4be2178a3db30073e16d1b2e5d9458ea70fb66e0cc58bd0980f70c29801d172f5ffe31c592a21afa9811bafd06d620e851a642222be1314b497fea0a4d27cb0e6545a22c187e1865e269e170647418421e6a589ca0dc0651ed5f3065d1a8bcf3f703c65770a97b95908b34169ea07c87a89b29c333bdeb88cbb2c83548fb94e4b4b9ad10a3d988a8e4a8ed8ee2c430432b043a7f2c300f507f94aa2a8262304fe207ca349d9419745b33e28d740ee54c9432b6cce5a17c0163ca19be40787f012a69e086bc358fcaf931ea1084273373a6894f0a226bcbe64a5fb828d8bc11b45977833733ccea265aae1d424b296a8c101cfa8c5d5fa8a54acf011ce89ea0e0dcbcbdcc5e11e12b31ad4d11c28b7361d116463c7d4147b128ab7ffe1028b93e88ad1741fc99527054709a528823f6b483caa51f7285f2d3cd0b8795c4c462fc038fc322f0c25c7c3da3d116d027b4fe27243fa8cd90882377a081034344c5fcc4b401c6230aac74313c167d4a363eb0776d743c4dbd428ccc4174b043620da1ec601b1daf108529b26299e48c80771de7372ed5f7349965e62a48661fea9856f6803dde7dbd4c067010dea945beb5e0afd04716cad92ffb87ee63ecd5bf7e56bfff00752e5cb8e48b515be04311f9efc3f82ee2d26d95d7bce236e026736006021e40c256613a8b5323b221d963f3189d1cdca8094c011de9cb0401e4aee274d8873631b8342ddf3006b8ed32fb7dc452a95cf51c9fb20fb07730435fac560f570ddc5a19b4fed9a1744488c9f71ca44b832c40a679461855f24098b8cb5001772e53bb4c7dc76456d4e8d8db03c07e0ac5f9ae30ae3e4eb1130783b97e1f07c1cf4cc0498130420f31d322b057ef11c841fb9a6b0c6cbf9d1faec74742ee32b62590d128025d672cb36392412d5453a39b9a7bcb57c445c5958e21aa38f1593d4a7d189c9f19a99352f0772a080e44c6ee65210ef985174b428a9d5376605151fbfd06d63742a2664f43cae27ee8bcd44f092bc0f01af1770f0cdbc1965cd90e17a37512419ee1dab7b6549695cb44d10ac41a09576baf993132ee0c3098a8e1ca6dd9fb9850845faa203a3cc3d9074035cd4a5a5f6e09536c554382645be3432f13d94cd33e0e4817e84bb189284bea726b6cc3ee8eeaf729fbd1e9b3189a095839d1c08470bdaeda9ec59bcdefc8cbfbff00e9e582557918795ea3bf2b18ee3b8961d930893ece07cb9ea2ce49a206de5cc2b7cb188b5281efe635c72e25cb631c4c9b478b1e66aa52e26e0526585b31b1331a56cc9afd4ad1a334f7e2351fd5ee1848f11c18a89845184e750ff6987d932abb2586cd01fcb07a02a5dc35b1cc17a0fec230bc0fe5293e03c13b9b04b84e23f5e5f091256210a22a23dc5f831fa8c77098c69dcac8c398f2b75cacad2eb6ca40a8c2d188f2fe626871f3533c5874c112478a81a6d8ff007e6574447f72c3c0b475398c10409975c308d05c2666b9b1e0a93365ee1af1096665e0d986ae3a636084a987923811bd9cae54dc2bed36b2d56ef966b70657259fd1e0f0b91a515cb039019fbf2b7e6a24c4a112c08ff062c77121029710083782e01f06d83d87c22ff2b0fe94cb977f32fe6cd313006ae38997b3642b8d240968237e97f7c4330d7ed6258cf976ca26b91598e01d4d0f1752550cb1438f6caf06ea9b3f734b9f70478d540e498d12c844d7997ee30a5a8c12b02afdb1104b6b0c2d30cd6c70ff00e23547b3cbdf95fc18c6389c644b13cb1654628b30d4785b94e6ab2c67ea8036bfea2ab6edccab7da60fe65fcc82c19bd750ba2fa4dc4297d9d4be78467658eb922352f95169a06989b227dc402707f53266da98bfa99422966758166bc1ccc2fea0c9f7062f37519935324075d9dc5e603ccb9b29d468356d02070b59ed1a4cb09180e3b6120a1803c2fe0fe0080e67ac65117a89126a3ccd20e612d7423a2ca952a170ec39621e2f353005fb4a4455fcc6fec4aafb8166a35862a2c06bfdc787bda6ddae57043cdbe082a284db334557872ca28132d6fc7fa71d3eae174cd97dc351cc34c175f528ca60d3b635afa09965ee0e5c01711d3233306e5b06ff0025f0be18b2e2f514588468b8912318c6308260f460a517881604281804ad0ddea206b38869a0f99c942ecb955cfee2a979f73209448f047caf1111aa3a8098d1bc4d9cfa87a8a6c26fcc499cfeaf830352cbd4ac41502c733fd31569b5a8669b8de44a4ccf4a0a1f58afea8623b365ba6aa70f840f862cb9c4bccb8be2e5c598b17312243d4a8c58e232f0f0ab29cca5673d4a580bb9cf161b887bf1fdcf9906e602020ce9c9dcbac9a8481c3b208064db144d8660e314ab36ca00107ed7342693f913061a5c76fb8f86c61f14e27df033ee484b999569f6c130bde9a9f65c6054ed7f6784c5e98eaf302bc9a071149708cb8b2e5f9da5f87c3b8c7c2bf053542095881cff008315e5814c30d9b9cd516060732c5080a2c9b8d3ae216436d873306c4f72c60cf98f13fdfe0042d1e2ee3b8f3032c40a92c855b0d5c72dd85fb254cedb1beb1fe9967d2a7f078371fda1fea7d4022a6a1ea2085e53ff0070bac391bdc7b8bb0c25cbbf0c597e0c2e65cb97163e02c72a22d46dcb162b115f990f1fdcf9a827b65b6f12edd9533b17d9e0cf92c80e6a35c094a03dc4e1e92c595be3cdfc17e2f03d789324dce18100ee5e1047231144e2b30e95a1612c5d2d508df90313d3b276c76bc01578cc216b4995fee3b3d986a2cbb97d462ff0a117dc58c28ebc1711545acc4bb8e22bfda28ebc8c459fdcf993059d4bda315b06060620a00d5e5a8a967d1cc06839966d149419d5e99c6708da04259423bb2ae030318982adc7b5ea5a0a47b95d07881992b4f5114313b7709cf4a14e985e25afe98497dca60b80086f7393a963572932b912297162c5c78bf0b3186162c617c0b98b1731ccc6c9b666de0463227f73e63005c56201a8e4a49f58dcc66510b477104c7823028a3c458afea1e9accdfc3fbd2b372a00af73a31943f647471a82923abb7cba21a3b56204f470c38c3a8036b9aa82c2ae23a8e32cae3a2cb882391140413691cf54fa84cadbf69fc45418e667b61347719709b0fb33107ac23f447de60ec34e5254b97185e1455162c7718a87bf211688660e313fbdf355c904aa65528440a03299ac7d44b5919da0b464dd4c03996dc96211dd5cd2692f1d40dc3f586d61c8731436863d4ed7315389b96f9ec710d47fdffea1e3ac31f71ed58684e650c11c814f6952b35db9f64a877863ea6506183dc705da5d709774654cf6f6215a4522b67f9e3b49f53997e88a7fd89792c122d1af774dbfea620f46f7598cee32e5c5972af02ccca89312c7a8a0cbb6284c751da7e6101ef2a36448ae7c2aa016a341ca4a14145dd461fb8ee96bc2b44d7c359db053862d3763a63a46d0a8f582fb088ca411197b23eb9b4b0f6edfbe277d067ee15453807fdc644e737cd40602e9d92b425f3ccaf26367a82662e0e0cad9ec275e9fea5b056ea1ff00d193416fdcdbfdc8d257ea60518fa8b2e5c09717c1ede416e05ca8b44444e993dc743d9349708b72a6ef995311b0f1fa9511a12e70436bc44618064aa94455b33359ac2a0382045120c5d4adce9b453cc1ae10443b994b4f51d6da3d18a88c19544a15d17cb1dba05b049e4aff0044aa14347135c175c9111be3da58a62802989eaa7e9fb946d69dfdc0db33848dd20e22ae6af768687fd93febe609ff0094e8fe08f7f0561a0b00e0ee5c58822dce894b2a6f31f1c6261619fb3163ea1c41f01e377cc33fb474709741482fe219884c6971fcff0010be4d46da4b582173210579a9ac18865786a5ee2e0444bb11fd564ba0b923d18530cce9966a5815ac23cc104e82022e69aed821f72f7e05864509066916e546c11e5fa8c44b193886968bda5417fd22b6e1d98e58fb3137407a10cc3ea0460d5991a43fa9a67f4451622222dca87a94efc2a6ef7157d12b70390189f02710bddc1155bdbe639fdb0ea205a2fa94a82fa25ffec1021b2dd45dc467fb86545abc4b5d52e527dc63bc2bd5cc21645448c9dfc4d23c983703fb20a9079b99987c81c11773955a44262659c4ee2e6aa1575989e02bf5ff00af356e6811009a3c5ec4b3a9c8226d03d98826fec271b1d5ce0ac037fe861cc53901f78824594bc75e2a89fa96f7283ee5f9554c6a273865d1895be49e2a10ec773b72b475054b77f3310f70525731d55d1117719b6288a032d34a1d56b6bc4313b71778198cae4b5884ac18c28312e7986c5f13820c7dc151512b5f7296a6806e1ea9a537cfa8bd1ca7fb8181cfe980872e261236c9b9c3b425b990a2ae75cdc0cd56d108b33ea3f607faca16a51819478426422bea23851e087bc8f7919071045690676bfa811c11a897283316689485ac12d7b869fdcc2662bcf31621086d2eeb4431f6ff0052958f9ae00e51d05616f08e307f99d7fb52bb6fb2a88c2cdd6e2cc74cde98525ddca0c2acb67d4bd9a31967d71af035e49b48d8d55d12d78856767a805edb80e90840952f2465696d30cb348ec9802ce07dc351b7dccf062212411492b199a484993dd3fb9cc3c57e0b5b8936c470474083bb6e1c49ad4600456903198c232a173528198a72c3ca308f53dc078344e1869012e163bdcc7e6199ce62b94121508c0d826e6e09c4b5e44dd704d355084001baa448c58d426691818e3b3001cb195a592538be69ba761014ef01a84533a42166c0f6e613680c05bb820b1bfa82f7169a78604d92f8c1896b45b744b832fc3126e3d27441bb62009a8a47a4654b3ee15cc6862673400d4419b8c5526b026299a980ff0050d4e25a0ea7082f1df128a5dc4b34a732b43e663ec892810651acc0866d62a053ba8766ef9993502a7ea556a305551e099449dd3d5102446f70145a706a894cad2f552d36d74cb71a0e12fa94da40c895badcaf702cc601acef983aa37123e0e4826194275c651b372e5bb97208ee7d25071e15ac7819bfc166e0811aea3b1054e535104411bee3e322646265c45c7a67ea4a3c427a46c95d5a6643ebe67eb8ac466106d6a04dee0635033025785f1e85444b9a4c30ca348e19ae2361cc117417b99c04ef1a9821ebee314a8bb4a592fb272f7b9449d8f707defa370001eb66752fa97d560b8c2058271b9ca225898f562b894f72994cb4d3c2a314971652c1f32ae21d46568962d9e4978554d5029d418653c4f6932a85421aae92a1ea0a1f3e58b8f9b4730001e4021e1712e3dc8b87516269131e0362b3c3357e0cdf10552ada653d9a896bbd92f5b7d6a14a01ac42dff4e942aec5d4ab60eab988c051861d0fad67f98050b38772bc8d916c66038c18165953647c65454a7a94f52994ca6532d2fcc07303d4a114252872d4406b4d42b908e2fb8d6126120156e552c5aae445038715295eb0cb44b43cc327e90c1f311ab0b2b4e04300183a96409544304faf0fb8f12ea31e3c47c6fc0270dbd4346e2ee54190d84fa085d5c2b7bce996161d903e89e92e0fd0628454f2b39459ef11bb361cf12ff622f2dff7316b2d1ff4ccd9e6207c10c8b201c1a8a70cb884a9510884a252544f0989736a9141e1cb2f77f65c75ec1ce974dc5e70623d32c015ec8998589d0247e0c3a98af997ab72a28c4b020a207e17166b313d4dfc4f2972f272e0881a8159826f22c2b655ece667190661d7b597a80d6a5f10184463dab4da1beda5712e88e9ee5700bd918d4b3d5ce80e9960b47866281fdc432fd62e730fec95c66fa821b27ba52238653c29d91310da577172663ac5a2883798dcd02b31aaaddf044874566540b02a1c818f7054256d0312b894768f4ce710a8ecccbc47550b797e669ef608144af0118c62e66905c5693b4d7f06080abf4c25ed2ffb8459114cd3874cb356dc4dbb9c8ce68c5800d552d6adbfb63d2a3aad902dbf45444d3e84a36d75d2140f2d751d50bdf12f4a15c73282d69a945cb228b2f52e88236d287530e27df71f5bed87b8bc08d235a889a96a99636a7dc6fe93ea647076af12d1b07f98b8ca5bb8884bf715a8393532b6c91b0ef598d0016188e40a5e63e191c9c4c85a62e585ec813267ce9957702882e5466a3e18f80dc58459afc77502b3b8d74429b01cc40bd2bb864b4a7f336d34b989498612ebbb866c75c91cb33dfa9641cd41e473d43a4e8a711ce014af108542fb73e11ba803411302dc4ba2ef68d029f2c18333d3198caff89890d3fb981701c469c8bb59966eba86ceed494d45ba960b00d84a0a60e3d4e50018a9622c229896bc043685bd1302195fe214c69a8ea85d6ea74ce2643b3365c5417060b51597f3265843c5f8dc58c632ff00b99bc43c0f0c6e8959890af7b6018979e200ccc1a8ddb9337188e5c41a589ea30f1d831b22e3ee37a3595a2f84c10d23388370c821677102da1d472467b8aa506632df5840348bc0992a5f64c880825f1e23907134c6c93e882906942fdf10752f488c85d5c33857a84e28ea200d92cb547fb9a8f3ee2c2de58eae92d15be3ee64069a97a1ba5cc061fc255ec8b04e25563e6a6567cee22ca6537a8a96ea37699c352baa42ad308dcb964b8ef12bd446f0352dd4605634d7245e841c772bad1de12ca27a8bfeb3572c642ee8e6048f6752b07b1e65f0baae5d527e9126acf7dc2c930a30d23432f967b9050a3b618c34e16b084da2fb429817696a87d901c717d4cec7ee212406a8bb5218425ee7bc7100324f71106d6f5120251a8ca7e5ec732f80cea35841bc429335022215577067300c7b266cea7b88efff0094bffffe000300ffd9, 1, '2023-11-21 02:08:13', '2023-11-21 03:50:54');
INSERT INTO `usuarios` (`id_usuario`, `cedula`, `nombre`, `apellido`, `correo`, `contrasena`, `rol`, `estado`, `foto`, `empresa_id`, `created_at`, `updated_at`) VALUES
(11, 108875, 'Martha', 'Diaz', 'martha@gmial.com', NULL, 'Conductor', 'Activo', 0x89504e470d0a1a0a0000000d49484452000000e1000000e10803000000096d22480000014a504c5445ffffff393c54f2bc0ff6d057ffd8c9515570f8dc25fbd4572b3254ae9656eecbc0f1b800f2bb00f6d15affdbcc4f5371262f4c1e2a49636368c8aba5f2cec1f5cc4b464963fde021f5ca44333851fbbfa9464a682f3550484e72f6cf52f4c83dfcf1d5f3c22a252e543f425bfae7b6f3c430ab89374a4e682e314cfdf7e4f6d16cfefcf5f8df9cb49b56fef9ecf5cc5c524f61e2c1b7fcc9b67c7761f3f3f4fceec8f8dd98f9e3a99381557c7055f7d887a691928c7c827e717aaba69df7d885ddbc56434454c1a656736855504e54e4c2579d8955babcc7979aa9d6d7dec7c9d2585b6e666879afafb6d5b7b0645c6a9f8b8e1022456f6d663f4874c7b43fa09453bdab48aa9c4edfc832837c5ec0ae45ecd22cb9942c957a39e0af195d544c826d40c69d25787b8fcfb156736244c29a28e8e2d2c2beb496938faca89e394376d9c2386464688c8e9bfcccdd380000127a49444154789ced9dfb5bdbc6b6862dcbae0d16b25c8c411b19df4aec40092631850668205c6c631b270d4dd2a62d0d49f7de6777e7fffff58c2eb675596b34bad872cfe17b9e36044bcabcfe66d69a198d46b1d8831ef4a0073de841f3a0c7fb0707cfb7364a95b8206432194188574a1b5bcf0f0ef61f475db4a07a523e78be5bc964342c023691fa57edd795dd1707e5275117d48fb6cb075b6b824616a7492315d6b60ecadb5117d98b1e1ff07121e3c266e5cc0871fea01c75c199b4bdff3c4e5c6186336192d35eeccfb995dbfb5b822fba09a5b035c790fb5b95407823c8f8d67ed42890b6bf0d036f0459f96edee26b79cb5fdbc319335be5a8a14cdadf08156f04b9f24dd460860e36a7c0a7336e1e440d47f44d7c4a7c3a633c6a1fbfd9cc4c0d4f5766334ac6f2ca14fd1b89b4c772447c4fb666c0a7336e45923bbe9d119fcef8edccf9ca6bd36e8056654ae5d902bef03070084782f062867ce5ca6c0dd495a9946705f8dd0c5ba05942e6bb99f03de67d1a2898e5ef12998d19ccececc7bd964ee5a96c964a6b6b2b2b1baa5656d6d64aa5cd4adc3ba9109ffac0eab927030940a5b4b6b1a48b9fc8f8cdc65aa912f7f695659e4f956f7b971d50354e83e369d230553bd91177a73807f0b8c40a28c4353a2a9c19935032430a9b536b8c65c66643f0567856ba3125bfc20a2908e5e9007ec368606585d93cbb952b8cd5353395f1c6b72c8042bcb4e10fcf80dc2831314ea39fca124485ca9ae7dae960e4572a0c8ce187d4170c80a47a06c43320496575470cb99b8a019a624f587c3646b457102e220af8eb6fbf6b0510c2e43318f50bff7af7c70c5c44013f56d3f247b5246ba1e2e98c6baa817fa495eaaf5377110d32c2a3342793026c32a58794592c884b9bbf5fa4392efd088b3c61851b3c4da884a404576ee555912e4f3fed2c5c1d125d5d2dbcfc747ae9ce99da51148e461852d2a0247a9d904b7f4f2b2ae1f8b4f0fddd59ba9a9ea89a3ebb3b5ff8b44b814cf1df57398e4e184aea2f53d28441c8a5ef769192a6524b3be75c3aadc83267952c2be4d7770ba70864eaf442bf3895309e2907057c4ccbbe23424e393b85ca995a7a795e4d2b1c2e395dbdb8ba0420533bd5d17954c2b810b01bbebd49bdfa8e41c829dc27472953975767551ade08327dfed2c6985a326aa846b8432dc366b0c1d42eb503b5b2909e9473c756c8cb43396daf9a8894f4858571524335c285155a2132bb4100699d51a1c2a7164c05a91e9acbb874984e3b517023ab17934a905aa89abf9af4428aa7755583e48c7d1ae0e6929590ab9ef3462153fc0ee7854f673cbfd44e4fed9a6ae8887089d65a32bee76e1ed32a476989b71192906a94f1f4bcca583f2da77304854f7dbab07d392a21bf54a215c66fb4e1f1ef4d585be21d8446483512b577c9d5efd54bdabf1c8d9074e228a5e1fd017e47a9a37a3fdb4e48e2cd4b4b18f4aaf4c5b9f3649d90f4c5f1e2f89b2aa6a57a6320e120248d71e1ce6b0b344b06dc3708e988651f8494f0351a2901841c6b8660d78890862854bc03e289426f831861f81a131244bc0fee792455c61d1c03ce9c501b3362df7bd923211ab984d2642c3873429234d072ad790344c7846aa28f909092fabd8d159fa08db0621ecd4740c82fa1f370192fcb19b6d056c8f31113f23c5634618b1d104f851b7340b8819a586626c482f2244f4449880654618515109d99d9b44da9454348a20d6622ebac0d1aae787e2e08d1a6286c06b470636e0837b039623613b12fa8e498f68d8c104ffc2c8007888515fb3f132121cf235931c3b2e4166b852b7345880c33585a223637638fa3111362f19461ce06cb85d0bd970809f925c444d79c887467ecb97e0e0891d18f6bc706e99156c0db67511262c1c6ad77ba8db44220cc444e88049b0c7d961f1917c216464c888ca35cc689c8f4136c61c4848889f4492924552016464d8899484b18709c11100ba326e4e1cc468b35dbf09782591839216262058f357025452d8c9c90877322a59a22c910bb7ef484f04011afa6db70b5768e9ae68610b9e72660d51489a48e81effc1022b35268357d017a88c699792084630dfa788db75431178448c24086fa8fe14a4a59b2360784f0202a03dff686a72fa091ef3c11822361643203bc6d4faba4f340085753f8c6fe36e8379e0ce78410993b85f2057c4f945649e78210aea6e0fd52b0190ad4c5bff34008f7dcc0860877d9f0743f2f8460d2073b6ee0774149f7f34208267de89ef7131fcd30753513c22bea7269a4213a6f0883d388d46698ba0cb438c803a2b15e0e11dc109da106cef7b466b87be66ff99a772967b4aa04364420d43c076b29ad4333932aaa8bfa3800d871139c8b4ec1d5c0b44093e2425fdf854a3ea31182a1c6b972189c47c407bf3c7f092f41ac058481cfaf5e5208a1613030a7e835d0a43e4184b56432592ff8a5ac15eae47ce8ecaa73a1fc4460a811ec80e0d049a0049ad44ba8191692baeaf59a37cc5aad5e37ce2d001fa75f5208c17bde8e0114388321d09ae10e44584b9ac46aa66edd58d049f627012c5a0209ed331970b2f04e58a8f793f53a3ba5852e5b4ff6e113e88450d11d8b1640426a280509b95abddd1e742c9ec0ae68075b0f4b7606ed761d3c984e080553474204d321757c0f13cabd56f77a50ab150a2627eb08a17e44566bb78542add0beeeb67a600ea21342fd364742044716b4648112928bb5381551553fb95ea712d6d793f7faa1e4941639d70f21982eeca30b301ef920e46a6a31fb6a7fae56ab29ed76bb93842b9e7a443dd92147f46a5ae06ddcab5f0e7cac0f42fb4406b40407be79ef422875c9d5ba92e644ae43aa6c5b46834dad20ab15b3db508f56e49676a60f4228210a251b213cc8c2af8a122aaa13b16b2ed790721df5c74103e153d518a887749bafa5d73df5ab89ddc3bd792a2198f21d9d1a00d0659e0d21d44d8cb5ae0783560caf768664ad5213c6ebaefe276ca10b213c2d6c23f43e9388118e0a6da84fb39098d8371fdcaa21bd791f84f66e1b780c6d748812724ab33b29b20db0e6c88d8dfbc917d26d62c3153a211826a748c8c972c72875bb6073b0eeec75360a6de3dbe8381e160e4298b1117aed78233def51a91bfdcea073cf356c45ae41fd6ab9c1dd0f069d7e83529fa93def69794823548bddb0e3715a8a87460e9c021e6d52d53ba1dd43ef84a73e1ec243c646eeaa9e528a12c0435a2ce553de09ebfe09a953a64cb11438c48df0dceb545b0d1bdfba4a39f74e68cf879efb34c834064d75df84d4490cc63e8de77ea93a9dc8b09f804935748ec2454ad5655e9fa95fea796ca1b978370a8078269ba8ee8d707c45f98eee20e3d8c2f3f850431c657db9d95424854e59c3e7999c74e46a85a6f1177ab64709ede343cf637c8d7074ef49394edc1c1d0f651a659d9190d0c9c393a39bc4b1d1065cee3db18ef13dcfd35808e5a12826f28b7bcbaf865c4e825b2765aed004975386af96f716f309511ccaac844cf3349ee7da2c841c974f2408e2623e9fdf5b3e6eaa66dadc2cb810aad6154e96f7c815f28bdad5469fb813424577ccb5799e2fb5124a37a28e482045515cbc79352c48963a5bc36b2981936ac4ba4572a67e09722df16634547427649a2ff53ce76d25548e54421d51fd412debded171d342a9cd8d161c74b9e6c9d19efabda897180126c4238595906dce1beeb6b96c523621944f34c209a24e99c8939699cb99304dc343599608ddabe57c42874b980113e289cc4ac876dfc2fbbd270b21c71945cc8f8b38c6146f8e4e9ab630aba683331230c5099cfdecf1b16e84acf79e3cdf3fb412e6f6c4890b09ab540c127f8635a9410290ac2812373c5ede4b58e9ac278b7b396642c6fb87f0d24b664269d954d1f2098744bd659e0c9b6aaecb8b4e3ac3c2d1f1cb1233215470e01eb0f7fbf81642e558341513401c61266038fb99e2b1c24ac87a1fdffb5a0c6b3b6c8e8b0dd45336992c4c884d8e9590752d868ff5341642250f15d493cce6e7155642e6f53441d744e939df5152bf16de48cc84ac6ba282ae6b33727e0013cdb55b7cc5ec21fbbab6806b1349e73b38e1d8fa71b7db9d907d6d62c0f5a572216f2eab3fc2f1cff9022ba187f5a541d7082b7bc11aa2a519ee994660a1ad110ebace7b92f343205c965809e19944782fc5806bf527395f1b289aca2ee2b2124e9ae131ab879ed6ea077cde421e828525c55d5cc6b428c2840953a009f1798ba0cfcc5872fea4b0e291846b92622c27e5cd1321e13d3313f4b9a74943b454b89bd71caed73750d5b634c3309f7b0af8ec9aa5f33d215473770e96cc29af40c263560f3d3ebb16f4f9c31a4c28c9cd3c2c322e86092d378a437cfe30e833a4b95195b3b4c37c815b86874be23267ea264c4e126f728c845e9f21c59e03467b6e3642e504225487842020f928214291463c5118093d3f071cf4596e7951b415d683c627898bd6a9d6309fe50efa3cfe28d604ebd358e34cb8cfe307de53c1e89b06f2d0d227a512fad95321e8be18a396e87304ac5b386425f4b32f46e0bd4d24246cb2cb9aed6984fef63609bc3f8db4170c515c74ac6c0b777f9ac07b0c91ec1e0451cc3b177e85bbc750f07da2942105e0a92eca11f6468812fade272af85e5f8d1364c6f7e93f268221454794a110c2c51436dc0043d8af4d198215f51f5641809083e1efd716c29e7b4a13083763f7504471af09de1f0f7bcfbd30f64d94e523474d35d7cda700a1281e214b5642df373194bd2fa5e19e8df1a9a5ed3db5b54451dc1b220ba0c3dffb12ddbfd479cf9bf2a4b39c1b2e272c905660cb2762627998c357cf86be7f69487bd0ca52f36811bb9166e15b3c6ae27cd3d88336b47d8465493eb119e9c44b2c9f70127535d514f6110e712f684585cc03f7b3470b194e146481114e88becb837d2fe870f7f396a55cf3f8684f5b6733517e515d8c92a3bb071386b19f77e87bb22b92c4358727c7af8e54bd3a3e193639c96da91f468815cdcb9eecd3d9575f5614a521495283fce9e531f0a9ecabff7fffdd08ff0fde6fc1f48e9254ea70268487e3372586f98e12d7f7cca452a787dc6c36c650b843fd1d82b4f7ccf8783519ed5d417c6a77e7eb6af8af05c294ae5e2ceca6b00145dcdfbb82284951102e0fcffcbc772c80e4f4d9e125fe5e707f2f7a44ded925087f7e5666679f895139ff1561f4f7ce2ef0c6be20fcfe88e5b58dd39152e57efb1d80f4fbde35e7bbf384f8c7cfe908ec33299dfefca7f3dde4bedfd46999b321f6fd76417da9e86ca4a42f6c46fa7fffa1396508c2c7cfcc6fdd9cb2488bfcfce784d16f23d4a5af1c8eb6f54152aa678f0c2383bd87547b972cb1ef8f79b1cf2462e447d2228552b077c9aaef037e741752ebab15eaf57a92fc57f0b83d0f22d222899101df071c8bfdf37538f6156c3bbaa09b6578919c7efdcfa080b1d8bfb0593e0faad9f0428394fe151c3016fb21e7fe2fd105f2d136ae6106fc210cc058ecdfc1100b189faa4036e6fe1d0e604044d4c0c036860748107db745aa81c16c944204f4efa28b81416c0cd341df88f6bdbcc2b4316c405f1595c9405d9e9f610fb78aeafa81be958e43cc06fab1b1f13fe103c6621d4f15d58381de6dd477a00a5f6dda3d30ab3c1aa889b98b23e706d3018cc5baac9bb21203b3560144ce23d86c54b8ae7b517d23f6581aa36a60f66bab8a0ec0a2ed086d734186ab379a530424eabb3746b50516af56bfb2e8b668f89634fc2cbeb51eb0fa9376846b4dcdf5dd0b194c03fa7647460bccfef8c18ab8fa7351fbf58f6fbe7ea622167fb47dfee1994e4eb7516e4cad094ed4b5efdfe53050434cdeda5cfcb1984d160fff7a77fbae98cc16871fac80b7c97153a5d838ed1a6aa8758fd6545308cd16ed88efbe7ef39f77abababb7ff79d3fbc96af1ea6dd1148b501b73f72df7e285a276039ed6b0e6c0e27b5b4b5bfd70ab3947fe6f83ff50b4065bd0464569cf882fa66ea507a4467b0ecc3eb3717c6580397ffdcc9e4d805ddda4feac0cd4d5aed95ba3b31353fccbc1026af52f672eb1a7ff466d8606ea6addbf36db0875628a3f3112fee424b4da28bf9e590b34abdb9bac15017ba1403585091d9554b77152417b3309a180064655457aa1d9ff92e8a20943333efd2f4838b2b15198410ec4d4eac80dca4c45f6ededdb77efdebdbd7dff958392fce2bdf1e95b0450b3b131de48332ac62fd23a563ed2120d657b3fff62615c5dfde5e75e76f4317e81f5c69768f934c64e92c238b6f34def9709e2ea2fbd37a87126be64c4fe8dd41af4d6ddcb9b7df3cce8c8903e28035f763d39980f3e55ad769f81b1d87baf22aebeef51eae598afdf9e1f3e4ddd2f7557c86c9220aebe4fba1eb75eff12557ea0a9d5be7783ccf63eac7ee8b91cb35ebf9f37fb266a0dfaeb54c8e2b3f7cf685534bbbede9fa3d607aa35b85fa750c25336bac879f7f38ea7ab75dde9d7e95e02ded57b9debbf059e214279df23a6b84f9b12b8f5defddf8b6ea456b7ddf9d22facabb5d65139c96fd40f54b876f7ef486752f7ba3df872dfefd5d727aaf7faf75f06edeb79cc0941d41a29ea823ce8410f7ad083bce97f01e222fb8d9376f2360000000049454e44ae426082, 1, '2023-11-21 03:45:42', '2023-11-21 03:49:21'),
(12, 108865, 'Esteban', 'Mesa', 'teban@mail.com', NULL, 'Conductor', 'Activo', 0x89504e470d0a1a0a0000000d49484452000000e1000000e10803000000096d22480000014a504c5445ffffff393c54f2bc0ff6d057ffd8c9515570f8dc25fbd4572b3254ae9656eecbc0f1b800f2bb00f6d15affdbcc4f5371262f4c1e2a49636368c8aba5f2cec1f5cc4b464963fde021f5ca44333851fbbfa9464a682f3550484e72f6cf52f4c83dfcf1d5f3c22a252e543f425bfae7b6f3c430ab89374a4e682e314cfdf7e4f6d16cfefcf5f8df9cb49b56fef9ecf5cc5c524f61e2c1b7fcc9b67c7761f3f3f4fceec8f8dd98f9e3a99381557c7055f7d887a691928c7c827e717aaba69df7d885ddbc56434454c1a656736855504e54e4c2579d8955babcc7979aa9d6d7dec7c9d2585b6e666879afafb6d5b7b0645c6a9f8b8e1022456f6d663f4874c7b43fa09453bdab48aa9c4edfc832837c5ec0ae45ecd22cb9942c957a39e0af195d544c826d40c69d25787b8fcfb156736244c29a28e8e2d2c2beb496938faca89e394376d9c2386464688c8e9bfcccdd380000127a49444154789ced9dfb5bdbc6b6862dcbae0d16b25c8c411b19df4aec40092631850668205c6c631b270d4dd2a62d0d49f7de6777e7fffff58c2eb675596b34bad872cfe17b9e36044bcabcfe66d69a198d46b1d8831ef4a0073de841f3a0c7fb0707cfb7364a95b8206432194188574a1b5bcf0f0ef61f475db4a07a523e78be5bc964342c023691fa57edd795dd1707e5275117d48fb6cb075b6b824616a7492315d6b60ecadb5117d98b1e1ff07121e3c266e5cc0871fea01c75c199b4bdff3c4e5c6186336192d35eeccfb995dbfb5b822fba09a5b035c790fb5b95407823c8f8d67ed42890b6bf0d036f0459f96edee26b79cb5fdbc319335be5a8a14cdadf08156f04b9f24dd460860e36a7c0a7336e1e440d47f44d7c4a7c3a633c6a1fbfd9cc4c0d4f5766334ac6f2ca14fd1b89b4c772447c4fb666c0a7336e45923bbe9d119fcef8edccf9ca6bd36e8056654ae5d902bef03070084782f062867ce5ca6c0dd495a9946705f8dd0c5ba05942e6bb99f03de67d1a2898e5ef12998d19ccececc7bd964ee5a96c964a6b6b2b2b1baa5656d6d64aa5cd4adc3ba9109ffac0eab927030940a5b4b6b1a48b9fc8f8cdc65aa912f7f695659e4f956f7b971d50354e83e369d230553bd91177a73807f0b8c40a28c4353a2a9c19935032430a9b536b8c65c66643f0567856ba3125bfc20a2908e5e9007ec368606585d93cbb952b8cd5353395f1c6b72c8042bcb4e10fcf80dc2831314ea39fca124485ca9ae7dae960e4572a0c8ce187d4170c80a47a06c43320496575470cb99b8a019a624f587c3646b457102e220af8eb6fbf6b0510c2e43318f50bff7af7c70c5c44013f56d3f247b5246ba1e2e98c6baa817fa495eaaf5377110d32c2a3342793026c32a58794592c884b9bbf5fa4392efd088b3c61851b3c4da884a404576ee555912e4f3fed2c5c1d125d5d2dbcfc747ae9ce99da51148e461852d2a0247a9d904b7f4f2b2ae1f8b4f0fddd59ba9a9ea89a3ebb3b5ff8b44b814cf1df57398e4e184aea2f53d28441c8a5ef769192a6524b3be75c3aadc83267952c2be4d7770ba70864eaf442bf3895309e2907057c4ccbbe23424e393b85ca995a7a795e4d2b1c2e395dbdb8ba0420533bd5d17954c2b810b01bbebd49bdfa8e41c829dc27472953975767551ade08327dfed2c6985a326aa846b8432dc366b0c1d42eb503b5b2909e9473c756c8cb43396daf9a8894f4858571524335c285155a2132bb4100699d51a1c2a7164c05a91e9acbb874984e3b517023ab17934a905aa89abf9af4428aa7755583e48c7d1ae0e6929590ab9ef3462153fc0ee7854f673cbfd44e4fed9a6ae8887089d65a32bee76e1ed32a476989b71192906a94f1f4bcca583f2da77304854f7dbab07d392a21bf54a215c66fb4e1f1ef4d585be21d8446483512b577c9d5efd54bdabf1c8d9074e228a5e1fd017e47a9a37a3fdb4e48e2cd4b4b18f4aaf4c5b9f3649d90f4c5f1e2f89b2aa6a57a6320e120248d71e1ce6b0b344b06dc3708e988651f8494f0351a2901841c6b8660d78890862854bc03e289426f831861f81a131244bc0fee792455c61d1c03ce9c501b3362df7bd923211ab984d2642c3873429234d072ad790344c7846aa28f909092fabd8d159fa08db0621ecd4740c82fa1f370192fcb19b6d056c8f31113f23c5634618b1d104f851b7340b8819a586626c482f2244f4449880654618515109d99d9b44da9454348a20d6622ebac0d1aae787e2e08d1a6286c06b470636e0837b039623613b12fa8e498f68d8c104ffc2c8007888515fb3f132121cf235931c3b2e4166b852b7345880c33585a223637638fa3111362f19461ce06cb85d0bd970809f925c444d79c887467ecb97e0e0891d18f6bc706e99156c0db67511262c1c6ad77ba8db44220cc444e88049b0c7d961f1917c216464c888ca35cc689c8f4136c61c4848889f4492924552016464d8899484b18709c11100ba326e4e1cc468b35dbf09782591839216262058f357025452d8c9c90877322a59a22c910bb7ef484f04011afa6db70b5768e9ae68610b9e72660d51489a48e81effc1022b35268357d017a88c699792084630dfa788db75431178448c24086fa8fe14a4a59b2360784f0202a03dff686a72fa091ef3c11822361643203bc6d4faba4f340085753f8c6fe36e8379e0ce78410993b85f2057c4f945649e78210aea6e0fd52b0190ad4c5bff34008f7dcc0860877d9f0743f2f8460d2073b6ee0774149f7f34208267de89ef7131fcd30753513c22bea7269a4213a6f0883d388d46698ba0cb438c803a2b15e0e11dc109da106cef7b466b87be66ff99a772967b4aa04364420d43c076b29ad4333932aaa8bfa3800d871139c8b4ec1d5c0b44093e2425fdf854a3ea31182a1c6b972189c47c407bf3c7f092f41ac058481cfaf5e5208a1613030a7e835d0a43e4184b56432592ff8a5ac15eae47ce8ecaa73a1fc4460a811ec80e0d049a0049ad44ba8191692baeaf59a37cc5aad5e37ce2d001fa75f5208c17bde8e0114388321d09ae10e44584b9ac46aa66edd58d049f627012c5a0209ed331970b2f04e58a8f793f53a3ba5852e5b4ff6e113e88450d11d8b1640426a280509b95abddd1e742c9ec0ae68075b0f4b7606ed761d3c984e080553474204d321757c0f13cabd56f77a50ab150a2627eb08a17e44566bb78542add0beeeb67a600ea21342fd364742044716b4648112928bb5381551553fb95ea712d6d793f7faa1e4941639d70f21982eeca30b301ef920e46a6a31fb6a7fae56ab29ed76bb93842b9e7a443dd92147f46a5ae06ddcab5f0e7cac0f42fb4406b40407be79ef422875c9d5ba92e644ae43aa6c5b46834dad20ab15b3db508f56e49676a60f4228210a251b213cc8c2af8a122aaa13b16b2ed790721df5c74103e153d518a887749bafa5d73df5ab89ddc3bd792a2198f21d9d1a00d0659e0d21d44d8cb5ae0783560caf768664ad5213c6ebaefe276ca10b213c2d6c23f43e9388118e0a6da84fb39098d8371fdcaa21bd791f84f66e1b780c6d748812724ab33b29b20db0e6c88d8dfbc917d26d62c3153a211826a748c8c972c72875bb6073b0eeec75360a6de3dbe8381e160e4298b1117aed78233def51a91bfdcea073cf356c45ae41fd6ab9c1dd0f069d7e83529fa93def69794823548bddb0e3715a8a87460e9c021e6d52d53ba1dd43ef84a73e1ec243c646eeaa9e528a12c0435a2ce553de09ebfe09a953a64cb11438c48df0dceb545b0d1bdfba4a39f74e68cf879efb34c834064d75df84d4490cc63e8de77ea93a9dc8b09f804935748ec2454ad5655e9fa95fea796ca1b978370a8078269ba8ee8d707c45f98eee20e3d8c2f3f850431c657db9d95424854e59c3e7999c74e46a85a6f1177ab64709ede343cf637c8d7074ef49394edc1c1d0f651a659d9190d0c9c393a39bc4b1d1065cee3db18ef13dcfd35808e5a12826f28b7bcbaf865c4e825b2765aed004975386af96f716f309511ccaac844cf3349ee7da2c841c974f2408e2623e9fdf5b3e6eaa66dadc2cb810aad6154e96f7c815f28bdad5469fb813424577ccb5799e2fb5124a37a28e482045515cbc79352c48963a5bc36b2981936ac4ba4572a67e09722df16634547427649a2ff53ce76d25548e54421d51fd412debded171d342a9cd8d161c74b9e6c9d19efabda897180126c4238595906dce1beeb6b96c523621944f34c209a24e99c8939699cb99304dc343599608ddabe57c42874b980113e289cc4ac876dfc2fbbd270b21c71945cc8f8b38c6146f8e4e9ab630aba683331230c5099cfdecf1b16e84acf79e3cdf3fb412e6f6c4890b09ab540c127f8635a9410290ac2812373c5ede4b58e9ac278b7b396642c6fb87f0d24b664269d954d1f2098744bd659e0c9b6aaecb8b4e3ac3c2d1f1cb1233215470e01eb0f7fbf81642e558341513401c61266038fb99e2b1c24ac87a1fdffb5a0c6b3b6c8e8b0dd45336992c4c884d8e9590752d868ff5341642250f15d493cce6e7155642e6f53441d744e939df5152bf16de48cc84ac6ba282ae6b33727e0013cdb55b7cc5ec21fbbab6806b1349e73b38e1d8fa71b7db9d907d6d62c0f5a572216f2eab3fc2f1cff9022ba187f5a541d7082b7bc11aa2a519ee994660a1ad110ebace7b92f343205c965809e19944782fc5806bf527395f1b289aca2ee2b2124e9ae131ab879ed6ea077cde421e828525c55d5cc6b428c2840953a009f1798ba0cfcc5872fea4b0e291846b92622c27e5cd1321e13d3313f4b9a74943b454b89bd71caed73750d5b634c3309f7b0af8ec9aa5f33d215473770e96cc29af40c263560f3d3ebb16f4f9c31a4c28c9cd3c2c322e86092d378a437cfe30e833a4b95195b3b4c37c815b86874be23267ea264c4e126f728c845e9f21c59e03467b6e3642e504225487842020f928214291463c5118093d3f071cf4596e7951b415d683c627898bd6a9d6309fe50efa3cfe28d604ebd358e34cb8cfe307de53c1e89b06f2d0d227a512fad95321e8be18a396e87304ac5b386425f4b32f46e0bd4d24246cb2cb9aed6984fef63609bc3f8db4170c515c74ac6c0b777f9ac07b0c91ec1e0451cc3b177e85bbc750f07da2942105e0a92eca11f6468812fade272af85e5f8d1364c6f7e93f268221454794a110c2c51436dc0043d8af4d198215f51f5641809083e1efd716c29e7b4a13083763f7504471af09de1f0f7bcfbd30f64d94e523474d35d7cda700a1281e214b5642df373194bd2fa5e19e8df1a9a5ed3db5b54451dc1b220ba0c3dffb12ddbfd479cf9bf2a4b39c1b2e272c905660cb2762627998c357cf86be7f69487bd0ca52f36811bb9166e15b3c6ae27cd3d88336b47d8465493eb119e9c44b2c9f70127535d514f6110e712f684585cc03f7b3470b194e146481114e88becb837d2fe870f7f396a55cf3f8684f5b6733517e515d8c92a3bb071386b19f77e87bb22b92c4358727c7af8e54bd3a3e193639c96da91f468815cdcb9eecd3d9575f5614a521495283fce9e531f0a9ecabff7fffdd08ff0fde6fc1f48e9254ea70268487e3372586f98e12d7f7cca452a787dc6c36c650b843fd1d82b4f7ccf8783519ed5d417c6a77e7eb6af8af05c294ae5e2ceca6b00145dcdfbb82284951102e0fcffcbc772c80e4f4d9e125fe5e707f2f7a44ded925087f7e5666679f895139ff1561f4f7ce2ef0c6be20fcfe88e5b58dd39152e57efb1d80f4fbde35e7bbf384f8c7cfe908ec33299dfefca7f3dde4bedfd46999b321f6fd76417da9e86ca4a42f6c46fa7fffa1396508c2c7cfcc6fdd9cb2488bfcfce784d16f23d4a5af1c8eb6f54152aa678f0c2383bd87547b972cb1ef8f79b1cf2462e447d2228552b077c9aaef037e741752ebab15eaf57a92fc57f0b83d0f22d222899101df071c8bfdf37538f6156c3bbaa09b6578919c7efdcfa080b1d8bfb0593e0faad9f0428394fe151c3016fb21e7fe2fd105f2d136ae6106fc210cc058ecdfc1100b189faa4036e6fe1d0e604044d4c0c036860748107db745aa81c16c944204f4efa28b81416c0cd341df88f6bdbcc2b4316c405f1595c9405d9e9f610fb78aeafa81be958e43cc06fab1b1f13fe103c6621d4f15d58381de6dd477a00a5f6dda3d30ab3c1aa889b98b23e706d3018cc5baac9bb21203b3560144ce23d86c54b8ae7b517d23f6581aa36a60f66bab8a0ec0a2ed086d734186ab379a530424eabb3746b50516af56bfb2e8b668f89634fc2cbeb51eb0fa9376846b4dcdf5dd0b194c03fa7647460bccfef8c18ab8fa7351fbf58f6fbe7ea622167fb47dfee1994e4eb7516e4cad094ed4b5efdfe53050434cdeda5cfcb1984d160fff7a77fbae98cc16871fac80b7c97153a5d838ed1a6aa8758fd6545308cd16ed88efbe7ef39f77abababb7ff79d3fbc96af1ea6dd1148b501b73f72df7e285a276039ed6b0e6c0e27b5b4b5bfd70ab3947fe6f83ff50b4065bd0464569cf882fa66ea507a4467b0ecc3eb3717c6580397ffdcc9e4d805ddda4feac0cd4d5aed95ba3b31353fccbc1026af52f672eb1a7ff466d8606ea6addbf36db0875628a3f3112fee424b4da28bf9e590b34abdb9bac15017ba1403585091d9554b77152417b3309a180064655457aa1d9ff92e8a20943333efd2f4838b2b15198410ec4d4eac80dca4c45f6ededdb77efdebdbd7dff958392fce2bdf1e95b0450b3b131de48332ac62fd23a563ed2120d657b3fff62615c5dfde5e75e76f4317e81f5c69768f934c64e92c238b6f34def9709e2ea2fbd37a87126be64c4fe8dd41af4d6ddcb9b7df3cce8c8903e28035f763d39980f3e55ad769f81b1d87baf22aebeef51eae598afdf9e1f3e4ddd2f7557c86c9220aebe4fba1eb75eff12557ea0a9d5be7783ccf63eac7ee8b91cb35ebf9f37fb266a0dfaeb54c8e2b3f7cf685534bbbede9fa3d607aa35b85fa750c25336bac879f7f38ea7ab75dde9d7e95e02ded57b9debbf059e214279df23a6b84f9b12b8f5defddf8b6ea456b7ddf9d22facabb5d65139c96fd40f54b876f7ef486752f7ba3df872dfefd5d727aaf7faf75f06edeb79cc0941d41a29ea823ce8410f7ad083bce97f01e222fb8d9376f2360000000049454e44ae426082, 1, '2023-11-21 03:47:11', '2023-11-21 03:47:11');

--
-- Índices para tablas volcadas
--

--
-- Indices de la tabla `conductor_actual`
--
ALTER TABLE `conductor_actual`
  ADD PRIMARY KEY (`id_conductor_actual`),
  ADD KEY `id_taxi` (`id_taxi`),
  ADD KEY `id_conductor` (`id_conductor`);

--
-- Indices de la tabla `configuracion_app`
--
ALTER TABLE `configuracion_app`
  ADD PRIMARY KEY (`id_configuracion`),
  ADD KEY `configuracion_plan_id` (`configuracion_plan_id`),
  ADD KEY `empresa` (`empresa`);

--
-- Indices de la tabla `configuracion_plan`
--
ALTER TABLE `configuracion_plan`
  ADD PRIMARY KEY (`id_configuracion_plan`),
  ADD KEY `empresa_id` (`empresa_id`);

--
-- Indices de la tabla `empresas`
--
ALTER TABLE `empresas`
  ADD PRIMARY KEY (`id_empresa`);

--
-- Indices de la tabla `mantenimientos`
--
ALTER TABLE `mantenimientos`
  ADD PRIMARY KEY (`id_mantenimiento`),
  ADD KEY `id_taxi` (`id_taxi`);

--
-- Indices de la tabla `pagos`
--
ALTER TABLE `pagos`
  ADD PRIMARY KEY (`id_pago`),
  ADD KEY `id_conductor` (`id_conductor`);

--
-- Indices de la tabla `reportes`
--
ALTER TABLE `reportes`
  ADD PRIMARY KEY (`id_reporte`),
  ADD KEY `empresa_id` (`empresa_id`);

--
-- Indices de la tabla `reporte_taxis`
--
ALTER TABLE `reporte_taxis`
  ADD PRIMARY KEY (`id_reporte_taxi`),
  ADD KEY `id_taxi` (`id_taxi`);

--
-- Indices de la tabla `taxis`
--
ALTER TABLE `taxis`
  ADD PRIMARY KEY (`id_taxi`),
  ADD UNIQUE KEY `placa` (`placa`),
  ADD KEY `empresa_id` (`empresa_id`);

--
-- Indices de la tabla `usuarios`
--
ALTER TABLE `usuarios`
  ADD PRIMARY KEY (`id_usuario`),
  ADD UNIQUE KEY `cedula` (`cedula`),
  ADD KEY `empresa_id` (`empresa_id`);

--
-- AUTO_INCREMENT de las tablas volcadas
--

--
-- AUTO_INCREMENT de la tabla `conductor_actual`
--
ALTER TABLE `conductor_actual`
  MODIFY `id_conductor_actual` int(11) NOT NULL AUTO_INCREMENT, AUTO_INCREMENT=12;

--
-- AUTO_INCREMENT de la tabla `configuracion_app`
--
ALTER TABLE `configuracion_app`
  MODIFY `id_configuracion` int(11) NOT NULL AUTO_INCREMENT;

--
-- AUTO_INCREMENT de la tabla `configuracion_plan`
--
ALTER TABLE `configuracion_plan`
  MODIFY `id_configuracion_plan` int(11) NOT NULL AUTO_INCREMENT;

--
-- AUTO_INCREMENT de la tabla `empresas`
--
ALTER TABLE `empresas`
  MODIFY `id_empresa` int(11) NOT NULL AUTO_INCREMENT, AUTO_INCREMENT=5;

--
-- AUTO_INCREMENT de la tabla `mantenimientos`
--
ALTER TABLE `mantenimientos`
  MODIFY `id_mantenimiento` int(11) NOT NULL AUTO_INCREMENT, AUTO_INCREMENT=2;

--
-- AUTO_INCREMENT de la tabla `pagos`
--
ALTER TABLE `pagos`
  MODIFY `id_pago` int(11) NOT NULL AUTO_INCREMENT, AUTO_INCREMENT=10;

--
-- AUTO_INCREMENT de la tabla `reportes`
--
ALTER TABLE `reportes`
  MODIFY `id_reporte` int(11) NOT NULL AUTO_INCREMENT, AUTO_INCREMENT=93;

--
-- AUTO_INCREMENT de la tabla `reporte_taxis`
--
ALTER TABLE `reporte_taxis`
  MODIFY `id_reporte_taxi` int(11) NOT NULL AUTO_INCREMENT;

--
-- AUTO_INCREMENT de la tabla `taxis`
--
ALTER TABLE `taxis`
  MODIFY `id_taxi` int(11) NOT NULL AUTO_INCREMENT, AUTO_INCREMENT=9;

--
-- AUTO_INCREMENT de la tabla `usuarios`
--
ALTER TABLE `usuarios`
  MODIFY `id_usuario` int(11) NOT NULL AUTO_INCREMENT, AUTO_INCREMENT=13;

--
-- Restricciones para tablas volcadas
--

--
-- Filtros para la tabla `conductor_actual`
--
ALTER TABLE `conductor_actual`
  ADD CONSTRAINT `conductor_actual_ibfk_1` FOREIGN KEY (`id_taxi`) REFERENCES `taxis` (`id_taxi`),
  ADD CONSTRAINT `conductor_actual_ibfk_2` FOREIGN KEY (`id_conductor`) REFERENCES `usuarios` (`id_usuario`);

--
-- Filtros para la tabla `configuracion_app`
--
ALTER TABLE `configuracion_app`
  ADD CONSTRAINT `configuracion_app_ibfk_1` FOREIGN KEY (`configuracion_plan_id`) REFERENCES `configuracion_plan` (`id_configuracion_plan`),
  ADD CONSTRAINT `configuracion_app_ibfk_2` FOREIGN KEY (`empresa`) REFERENCES `empresas` (`id_empresa`);

--
-- Filtros para la tabla `configuracion_plan`
--
ALTER TABLE `configuracion_plan`
  ADD CONSTRAINT `configuracion_plan_ibfk_1` FOREIGN KEY (`empresa_id`) REFERENCES `empresas` (`id_empresa`);

--
-- Filtros para la tabla `mantenimientos`
--
ALTER TABLE `mantenimientos`
  ADD CONSTRAINT `mantenimientos_ibfk_1` FOREIGN KEY (`id_taxi`) REFERENCES `taxis` (`id_taxi`);

--
-- Filtros para la tabla `pagos`
--
ALTER TABLE `pagos`
  ADD CONSTRAINT `pagos_ibfk_1` FOREIGN KEY (`id_conductor`) REFERENCES `usuarios` (`id_usuario`);

--
-- Filtros para la tabla `reportes`
--
ALTER TABLE `reportes`
  ADD CONSTRAINT `reportes_ibfk_1` FOREIGN KEY (`empresa_id`) REFERENCES `empresas` (`id_empresa`);

--
-- Filtros para la tabla `reporte_taxis`
--
ALTER TABLE `reporte_taxis`
  ADD CONSTRAINT `reporte_taxis_ibfk_1` FOREIGN KEY (`id_taxi`) REFERENCES `taxis` (`id_taxi`);

--
-- Filtros para la tabla `taxis`
--
ALTER TABLE `taxis`
  ADD CONSTRAINT `taxis_ibfk_1` FOREIGN KEY (`empresa_id`) REFERENCES `empresas` (`id_empresa`);

--
-- Filtros para la tabla `usuarios`
--
ALTER TABLE `usuarios`
  ADD CONSTRAINT `usuarios_ibfk_1` FOREIGN KEY (`empresa_id`) REFERENCES `empresas` (`id_empresa`);

DELIMITER $$
--
-- Eventos
--
CREATE DEFINER=`root`@`localhost` EVENT `generar_reportes_mensuales` ON SCHEDULE EVERY 1 MONTH STARTS '2023-11-25 00:00:00' ON COMPLETION NOT PRESERVE ENABLE DO BEGIN
    DECLARE empresa_id_cursor INT;
    DECLARE done BOOLEAN DEFAULT FALSE;
    DECLARE empresas_cursor CURSOR FOR SELECT id_empresa FROM empresas;
    DECLARE CONTINUE HANDLER FOR NOT FOUND SET done = TRUE;

    OPEN empresas_cursor;

    read_loop: LOOP
        FETCH empresas_cursor INTO empresa_id_cursor;

        IF done THEN
            LEAVE read_loop;
        END IF;

        INSERT INTO reportes (ingresos, gastos, empresa_id, fecha)
VALUES (0, 0, empresa_id_cursor, DATE_FORMAT(CURRENT_DATE, '%Y-%m-01'));

    END LOOP;

    CLOSE empresas_cursor;
END$$

DELIMITER ;
COMMIT;

/*!40101 SET CHARACTER_SET_CLIENT=@OLD_CHARACTER_SET_CLIENT */;
/*!40101 SET CHARACTER_SET_RESULTS=@OLD_CHARACTER_SET_RESULTS */;
/*!40101 SET COLLATION_CONNECTION=@OLD_COLLATION_CONNECTION */;
